year,team,seed,adj_em,adj_o,adj_d,tempo,sos,barthag,wab,elite_sos,ncsos,conf_winpct
2010,Arkansas-Pine Bluff,16,-6.38,91.83,98.22,101.0,0.4031,0.315872,-7.93,0.7966,0.8337,0.7647
2010,BYU,7,23.07,117.66,94.59,116.0,0.5953,0.924837,4.09,0.7676,0.5153,0.8125
2010,Baylor,3,25.14,120.4,95.26,80.0,0.7156,0.936653,5.55,0.6529,0.4877,0.6875
2010,Butler,5,20.25,109.8,89.55,8.0,0.6562,0.912472,4.64,0.7371,0.7369,1.0
2010,California,8,22.61,120.45,97.84,268.0,0.7189,0.916146,1.72,0.6992,0.6694,0.7222
2010,Clemson,7,19.88,111.41,91.53,264.0,0.6841,0.905546,1.51,0.6895,0.4716,0.5625
2010,Cornell,12,16.14,118.04,101.9,10.0,0.4873,0.844288,2.02,0.793,0.5657,0.9286
2010,Duke,1,32.64,121.78,89.14,133.0,0.7433,0.973087,8.41,0.6563,0.5947,0.8125
2010,East Tennessee State,16,17.97,109.47,91.5,19.0,0.6946,0.88712,3.89,0.692,0.5276,0.6875
2010,Florida,10,15.18,113.34,98.15,145.0,0.6691,0.839464,-0.02,0.6986,0.5008,0.5625
2010,Florida State,9,17.23,104.51,87.29,109.0,0.6857,0.888097,2.8,0.6844,0.4852,0.625
2010,Georgetown,3,20.88,116.75,95.87,123.0,0.7405,0.906054,4.26,0.6473,0.5897,0.5556
2010,Georgia Tech,10,18.13,109.81,91.67,178.0,0.7221,0.888519,1.35,0.6553,0.4949,0.4375
2010,Gonzaga,8,17.45,112.42,94.97,41.0,0.5882,0.874272,2.57,0.7573,0.6101,0.8571
2010,Houston,13,9.58,112.53,102.96,302.0,0.618,0.735535,-6.24,0.7877,0.5585,0.4375
2010,Kansas,1,29.95,120.99,91.04,18.0,0.715,0.963427,11.7,0.6713,0.5669,0.9375
2010,Kansas State,2,24.96,116.94,91.99,65.0,0.7521,0.940511,6.74,0.6384,0.5913,0.6875
2010,Kentucky,1,26.43,115.52,89.09,35.0,0.6846,0.952034,8.68,0.7437,0.5203,0.875
2010,Lehigh,16,-0.57,105.77,106.33,155.0,0.3229,0.484608,-6.62,0.9007,0.3429,0.7143
2010,Louisville,9,16.25,114.84,98.59,189.0,0.6995,0.852513,-0.11,0.6876,0.512,0.6111
2010,Marquette,6,19.86,115.39,95.53,233.0,0.6822,0.897751,1.72,0.6792,0.4557,0.6111
2010,Maryland,4,21.57,118.3,96.72,137.0,0.6838,0.910143,3.32,0.687,0.4553,0.8125
2010,Michigan State,5,19.78,113.51,93.74,40.0,0.698,0.900362,3.51,0.6901,0.5164,0.7778
2010,Minnesota,11,19.72,114.47,94.75,331.0,0.6783,0.89797,-0.35,0.6902,0.4805,0.5
2010,Missouri,10,19.86,112.14,92.27,213.0,0.6659,0.903941,1.61,0.6879,0.4418,0.625
2010,Montana,14,4.32,105.48,101.15,113.0,0.4384,0.618093,-4.49,0.876,0.4986,0.625
2010,Morgan State,15,0.11,104.36,104.26,15.0,0.3487,0.502911,-3.75,0.8715,0.4916,0.9375
2010,Murray State,13,11.96,107.61,95.64,51.0,0.3922,0.795033,0.23,0.8789,0.3908,0.9444
2010,New Mexico,3,16.37,114.84,98.47,3.0,0.6069,0.854299,5.0,0.7815,0.5674,0.875
2010,New Mexico State,12,5.61,111.15,105.53,7.0,0.5802,0.644757,-2.19,0.7761,0.5374,0.6875
2010,North Texas,15,-0.85,102.68,103.54,5.0,0.3896,0.47623,-3.7,0.8737,0.4559,0.7222
2010,Northern Iowa,9,18.73,109.48,90.75,21.0,0.6262,0.896446,3.89,0.7832,0.5032,0.8333
2010,Notre Dame,6,19.87,120.28,100.4,281.0,0.656,0.888622,0.45,0.7248,0.3834,0.5556
2010,Oakland,14,2.92,107.39,104.47,2.0,0.4628,0.578477,-0.94,0.811,0.6649,0.9444
2010,Ohio,14,7.36,107.45,100.09,284.0,0.5263,0.693434,-7.59,0.8413,0.5057,0.4375
2010,Ohio State,2,25.25,118.01,92.76,140.0,0.6702,0.940935,5.63,0.6897,0.4873,0.7778
2010,Oklahoma State,7,19.32,114.38,95.06,199.0,0.6781,0.893536,1.79,0.6929,0.4563,0.5625
2010,Old Dominion,11,16.76,108.07,91.31,154.0,0.5727,0.874093,0.76,0.7778,0.6241,0.8333
2010,Pittsburgh,3,18.06,111.78,93.72,46.0,0.6917,0.883547,3.68,0.7023,0.5061,0.7222
2010,Purdue,4,21.55,109.24,87.69,14.0,0.6939,0.926041,6.54,0.6858,0.5148,0.7778
2010,Richmond,7,15.17,109.09,93.92,31.0,0.6313,0.848403,2.72,0.7476,0.5672,0.8125
2010,Robert Morris,15,-1.05,100.34,101.39,69.0,0.3622,0.47022,-6.36,0.8829,0.5659,0.8333
2010,Saint Mary's,10,17.25,115.87,98.62,27.0,0.5762,0.864519,2.03,0.7915,0.5488,0.7857
2010,Sam Houston State,14,9.58,112.53,102.96,302.0,0.618,0.735535,-6.24,0.7877,0.5585,0.4375
2010,San Diego State,11,16.14,111.45,95.31,104.0,0.6204,0.857992,1.44,0.7524,0.5549,0.6875
2010,Siena,13,12.15,108.73,96.58,24.0,0.513,0.796106,1.09,0.8193,0.5724,0.9444
2010,Syracuse,1,27.14,118.55,91.41,82.0,0.6921,0.952096,7.53,0.705,0.4912,0.8333
2010,Temple,5,19.26,108.25,88.99,44.0,0.6462,0.904911,5.44,0.7579,0.6269,0.875
2010,Tennessee,6,17.97,109.47,91.5,19.0,0.6946,0.88712,3.89,0.692,0.5276,0.6875
2010,Texas,8,20.07,114.08,94.0,114.0,0.699,0.90255,3.83,0.6805,0.5186,0.5625
2010,Texas A&M,5,21.16,112.28,91.12,87.0,0.7277,0.916901,4.33,0.6302,0.5462,0.6875
2010,UC Santa Barbara,15,3.25,100.63,97.38,42.0,0.4763,0.593295,-4.0,0.8476,0.5711,0.75
2010,UNLV,8,18.25,111.55,93.3,227.0,0.6122,0.886389,1.02,0.7716,0.5399,0.6875
2010,UTEP,12,17.54,108.39,90.85,118.0,0.5791,0.883891,2.27,0.7916,0.4566,0.9375
2010,Utah State,12,20.11,116.26,96.14,314.0,0.5456,0.898865,-0.2,0.8372,0.5129,0.875
2010,Vanderbilt,4,17.58,114.08,96.5,52.0,0.7073,0.872596,3.26,0.7095,0.5821,0.75
2010,Vermont,16,2.24,103.52,101.28,61.0,0.365,0.562555,-4.88,0.8957,0.4171,0.75
2010,Villanova,2,20.87,117.47,96.6,25.0,0.7017,0.904588,5.49,0.6732,0.5146,0.7222
2010,Wake Forest,9,13.95,107.58,93.63,23.0,0.71,0.831582,1.05,0.6715,0.5102,0.5625
2010,Washington,11,19.28,113.02,93.74,183.0,0.6882,0.895802,1.2,0.7377,0.5602,0.6111
2010,West Virginia,2,24.41,117.26,92.84,12.0,0.7646,0.936114,8.02,0.6339,0.6282,0.7222
2010,Wisconsin,4,24.01,116.07,92.06,247.0,0.701,0.934956,3.83,0.689,0.5713,0.7222
2010,Wofford,13,9.74,104.76,95.02,100.0,0.4761,0.754492,-1.7,0.8406,0.5705,0.8333
2010,Xavier,6,20.78,116.62,95.84,96.0,0.6755,0.905213,2.89,0.7036,0.6539,0.875
2011,Akron,15,3.74,102.91,99.17,104.0,0.4841,0.604867,-5.49,0.8562,0.5203,0.5625
2011,Arizona,5,20.69,118.69,98.01,35.0,0.6813,0.900446,4.62,0.7166,0.5216,0.7778
2011,BYU,3,21.95,117.19,95.23,19.0,0.6663,0.915716,7.24,0.7385,0.6055,0.875
2011,Belmont,13,16.76,111.63,94.87,159.0,0.3897,0.866501,1.12,0.8813,0.4667,0.95
2011,Boston University,16,-0.93,103.05,103.98,90.0,0.4172,0.474135,-7.41,0.8661,0.5275,0.75
2011,Bucknell,14,6.22,104.28,98.06,64.0,0.4246,0.66984,-2.11,0.861,0.5115,0.9286
2011,Butler,8,16.23,112.2,95.97,87.0,0.6352,0.857831,-0.38,0.7513,0.6357,0.7222
2011,Cincinnati,6,18.79,111.44,92.64,107.0,0.628,0.893228,3.22,0.7261,0.3416,0.6111
2011,Clemson,12,18.65,110.45,91.8,294.0,0.6645,0.893537,0.51,0.7212,0.49,0.5625
2011,Connecticut,3,22.17,115.78,93.62,12.0,0.7394,0.920102,6.77,0.625,0.529,0.5
2011,Duke,1,29.12,120.59,91.47,120.0,0.7116,0.960021,9.29,0.7035,0.6155,0.8125
2011,Florida,2,21.03,116.42,95.4,48.0,0.6844,0.908095,5.23,0.7093,0.5501,0.8125
2011,Florida State,10,21.03,116.42,95.4,48.0,0.6844,0.908095,5.23,0.7093,0.5501,0.8125
2011,George Mason,8,15.43,112.54,97.11,85.0,0.5489,0.845022,1.19,0.8193,0.5277,0.8889
2011,Georgetown,6,16.19,113.23,97.03,20.0,0.755,0.855065,4.24,0.646,0.6315,0.5556
2011,Georgia,10,14.89,110.0,95.11,193.0,0.6399,0.841902,0.14,0.7295,0.5128,0.5625
2011,Gonzaga,11,17.3,111.72,94.42,233.0,0.5997,0.873836,0.36,0.7697,0.6159,0.7857
2011,Hampton,16,-5.04,94.22,99.26,9.0,0.2812,0.354634,-5.43,0.9271,0.3661,0.6667
2011,Illinois,9,22.34,114.88,92.54,328.0,0.751,0.923183,1.35,0.6351,0.5859,0.5
2011,Indiana State,14,8.6,109.65,101.05,325.0,0.6758,0.718989,-6.35,0.6592,0.3981,0.1667
2011,Kansas,1,29.91,120.87,90.96,65.0,0.6877,0.963349,10.22,0.7279,0.5444,0.875
2011,Kansas State,5,19.46,112.58,93.12,206.0,0.6816,0.898691,1.98,0.6858,0.5327,0.625
2011,Kentucky,4,25.94,119.31,93.37,161.0,0.712,0.94373,5.17,0.6625,0.6057,0.625
2011,Long Island,15,3.6,107.91,104.31,6.0,0.3696,0.596437,0.0,0.9053,0.3892,0.8889
2011,Louisville,4,21.2,111.8,90.6,205.0,0.681,0.918162,4.56,0.6966,0.4525,0.6667
2011,Marquette,11,17.38,115.18,97.8,166.0,0.6988,0.86774,0.59,0.6486,0.4551,0.5
2011,Memphis,12,7.49,104.78,97.29,5.0,0.5785,0.701158,0.07,0.7999,0.469,0.625
2011,Michigan,8,18.0,112.83,94.82,171.0,0.7349,0.880724,1.62,0.6248,0.5171,0.5
2011,Michigan State,10,13.96,109.18,95.22,49.0,0.7689,0.828208,1.97,0.6008,0.6122,0.5
2011,Missouri,11,15.43,113.72,98.29,113.0,0.6436,0.842447,1.32,0.7229,0.4569,0.5
2011,Morehead State,13,5.25,105.08,99.84,81.0,0.4435,0.643131,-3.43,0.8446,0.5468,0.7222
2011,North Carolina,2,22.02,112.69,90.67,28.0,0.7424,0.924157,7.29,0.6545,0.634,0.875
2011,Northern Colorado,15,3.27,105.92,102.66,111.0,0.4497,0.589121,-4.46,0.8487,0.5401,0.8125
2011,Notre Dame,2,25.03,123.13,98.11,54.0,0.7064,0.931681,7.66,0.6703,0.4945,0.7778
2011,Oakland,13,12.76,117.86,105.1,66.0,0.5463,0.788817,0.37,0.7702,0.7426,0.9444
2011,Ohio State,1,34.12,125.96,91.84,74.0,0.7005,0.97424,11.69,0.6841,0.466,0.8889
2011,Old Dominion,9,13.58,109.93,96.35,29.0,0.5621,0.820056,2.36,0.8156,0.5869,0.7778
2011,Penn State,10,15.16,113.12,97.96,105.0,0.7594,0.839531,1.47,0.626,0.5381,0.5
2011,Pittsburgh,1,25.68,119.76,94.08,101.0,0.6849,0.941311,7.49,0.706,0.4924,0.8333
2011,Princeton,13,8.6,107.23,98.63,21.0,0.4805,0.7234,-0.11,0.8469,0.4908,0.8571
2011,Purdue,3,23.15,115.19,92.04,89.0,0.7246,0.929585,6.98,0.6659,0.5613,0.7778
2011,Richmond,12,14.68,112.31,97.63,33.0,0.5824,0.833481,1.83,0.7953,0.5411,0.8125
2011,Saint Peter's,14,2.74,94.93,92.19,71.0,0.5091,0.583543,-5.74,0.8366,0.581,0.6111
2011,San Diego State,2,22.79,113.72,90.93,8.0,0.6665,0.929025,8.74,0.7443,0.6062,0.875
2011,St. John's,6,17.25,112.19,94.95,99.0,0.7332,0.872105,3.08,0.6542,0.5732,0.6667
2011,Syracuse,3,21.76,114.97,93.21,82.0,0.7177,0.917815,5.99,0.688,0.5434,0.6667
2011,Temple,7,15.66,110.22,94.56,60.0,0.6016,0.853438,2.19,0.7751,0.6271,0.875
2011,Tennessee,9,14.0,109.34,95.34,241.0,0.7152,0.828589,-1.06,0.6987,0.6602,0.5
2011,Texas,4,25.44,115.46,90.02,242.0,0.6703,0.945966,5.41,0.7148,0.5545,0.8125
2011,Texas A&M,7,12.83,108.82,95.99,18.0,0.6284,0.808853,2.41,0.7406,0.4132,0.625
2011,UC Santa Barbara,15,1.98,102.68,100.7,157.0,0.5109,0.555772,-6.68,0.8334,0.6337,0.5
2011,UCLA,7,14.65,109.21,94.56,83.0,0.677,0.839767,1.31,0.7243,0.5461,0.7222
2011,UNC Asheville,16,-0.26,99.81,100.08,270.0,0.3929,0.492396,-8.0,0.856,0.6051,0.6111
2011,UNLV,8,17.78,110.69,92.91,119.0,0.6391,0.882175,2.82,0.7342,0.5653,0.6875
2011,UTSA,16,-2.8,102.9,105.69,134.0,0.3863,0.42353,-9.08,0.8917,0.4435,0.5625
2011,Utah State,12,18.74,110.62,91.89,73.0,0.5186,0.894179,3.83,0.8401,0.4859,0.9375
2011,VCU,11,12.76,112.63,99.87,41.0,0.6121,0.799476,-1.93,0.7663,0.5614,0.6667
2011,Vanderbilt,5,17.7,117.0,99.3,170.0,0.6675,0.868325,1.8,0.7293,0.5688,0.5625
2011,Villanova,9,17.04,114.8,97.76,187.0,0.6994,0.863885,1.36,0.7059,0.5179,0.5
2011,Washington,7,21.22,118.37,97.15,282.0,0.7003,0.906575,1.74,0.7268,0.5811,0.6111
2011,West Virginia,5,20.32,115.53,95.22,180.0,0.7627,0.902387,2.93,0.6391,0.6768,0.6111
2011,Wisconsin,4,25.23,123.05,97.83,124.0,0.7221,0.933277,5.64,0.644,0.4804,0.7222
2011,Wofford,14,8.89,112.33,103.44,268.0,0.4904,0.720728,-4.52,0.8263,0.6163,0.7778
2011,Xavier,6,14.69,111.98,97.28,40.0,0.6234,0.834488,2.4,0.7745,0.664,0.9375
2012,,4,33.07,123.5,90.43,33.0,0.6869,0.973001,11.25,0.696,0.5298,1.0
2012,Alabama,9,15.82,105.53,89.71,246.0,0.6903,0.866159,1.56,0.7277,0.6234,0.5625
2012,BYU,14,11.03,104.9,93.86,60.0,0.541,0.782096,0.42,0.8098,0.5307,0.75
2012,Baylor,3,20.85,116.43,95.59,23.0,0.6878,0.906253,6.96,0.6843,0.4869,0.6667
2012,Belmont,14,16.34,116.65,100.31,202.0,0.4976,0.850128,0.93,0.832,0.5702,0.8889
2012,Cincinnati,6,17.84,110.71,92.87,123.0,0.654,0.882952,2.99,0.7099,0.3795,0.6667
2012,Colorado,11,10.41,105.03,94.61,53.0,0.6354,0.768693,-0.28,0.7646,0.5474,0.6111
2012,Colorado State,11,8.63,111.44,102.81,44.0,0.6204,0.716516,-0.94,0.7804,0.5458,0.5714
2012,Connecticut,9,14.78,111.0,96.22,229.0,0.7051,0.837998,0.47,0.7107,0.551,0.4444
2012,Creighton,8,15.73,119.4,103.67,9.0,0.5967,0.835359,4.77,0.7897,0.5244,0.7778
2012,Davidson,13,11.69,111.78,100.09,151.0,0.4558,0.780815,-0.32,0.8448,0.6934,0.8889
2012,Detroit,15,4.67,107.48,102.81,148.0,0.5196,0.624974,0.0,0.8366,0.5394,0.6111
2012,Duke,2,20.32,117.19,96.87,18.0,0.7084,0.899316,7.98,0.7001,0.6833,0.8125
2012,Florida,7,23.91,121.78,97.87,254.0,0.6667,0.925098,3.05,0.698,0.512,0.625
2012,Florida State,3,23.91,121.78,97.87,254.0,0.6667,0.925098,3.05,0.698,0.512,0.625
2012,Georgetown,3,20.92,111.65,90.73,187.0,0.701,0.91574,4.62,0.6942,0.5401,0.6667
2012,Gonzaga,7,18.2,113.39,95.19,171.0,0.5615,0.882102,2.13,0.8109,0.5675,0.8125
2012,Harvard,12,13.69,108.7,95.01,43.0,0.4862,0.824645,2.33,0.853,0.5191,0.8571
2012,Indiana,4,22.98,121.16,98.18,83.0,0.6809,0.91819,5.73,0.6786,0.4579,0.6111
2012,Iowa State,8,17.16,113.87,96.71,156.0,0.654,0.867465,1.87,0.7188,0.4591,0.6667
2012,Kansas,2,25.52,114.13,88.61,50.0,0.7234,0.948365,8.22,0.6561,0.6125,0.8889
2012,Kansas State,8,16.2,109.36,93.16,144.0,0.6618,0.863415,2.11,0.7124,0.4657,0.5556
2012,Kentucky,1,33.07,123.5,90.43,33.0,0.6869,0.973001,11.25,0.696,0.5298,1.0
2012,Lehigh,15,8.3,107.56,99.26,80.0,0.4021,0.715806,-1.12,0.8639,0.3921,0.7857
2012,Long Beach State,12,12.71,109.3,96.59,102.0,0.5212,0.8056,0.98,0.7867,0.7733,0.9375
2012,Long Island,16,1.33,109.27,107.94,8.0,0.4094,0.535245,0.0,0.8829,0.4498,0.8889
2012,Loyola (MD),15,3.35,103.49,100.14,11.0,0.4448,0.593449,-1.38,0.8464,0.4695,0.7222
2012,Marquette,3,19.16,111.24,92.08,31.0,0.696,0.897858,6.08,0.7009,0.5222,0.7778
2012,Memphis,8,21.31,113.73,92.41,285.0,0.6366,0.915806,3.0,0.7763,0.6626,0.8125
2012,Michigan,4,17.83,114.72,96.89,20.0,0.718,0.874674,6.24,0.6493,0.5395,0.7222
2012,Michigan State,1,25.99,114.29,88.3,131.0,0.7121,0.951042,8.58,0.6522,0.5208,0.7222
2012,Missouri,2,25.96,126.21,100.25,56.0,0.6288,0.933931,8.74,0.7444,0.4364,0.7778
2012,Montana,13,5.98,102.43,96.45,59.0,0.4054,0.66631,-1.54,0.8933,0.5072,0.9375
2012,Murray State,6,13.18,106.93,93.75,7.0,0.4369,0.819411,3.91,0.8768,0.5881,0.9375
2012,NC State,11,15.46,112.65,97.18,160.0,0.6493,0.845288,0.0,0.7225,0.5562,0.5625
2012,New Mexico,5,19.14,110.77,91.63,200.0,0.5776,0.898526,2.92,0.8092,0.4459,0.7143
2012,New Mexico State,13,9.0,107.76,98.76,139.0,0.4939,0.731732,-1.87,0.855,0.5,0.7143
2012,Norfolk State,15,-2.12,100.0,102.12,1.0,0.3845,0.440098,-2.67,0.8648,0.5292,0.8125
2012,North Carolina,1,25.91,116.46,90.55,96.0,0.6741,0.947547,8.35,0.7111,0.5531,0.875
2012,Notre Dame,7,12.21,109.92,97.71,34.0,0.6596,0.794718,2.22,0.714,0.4581,0.7222
2012,Ohio,13,12.04,106.89,94.85,48.0,0.5232,0.798054,0.45,0.8314,0.4533,0.6875
2012,Ohio State,2,29.78,117.9,88.12,242.0,0.7093,0.96603,7.71,0.6631,0.4851,0.7222
2012,Purdue,10,18.31,117.83,99.53,210.0,0.6846,0.874537,1.75,0.6857,0.4918,0.5556
2012,Saint Louis,9,20.88,111.75,90.88,251.0,0.6201,0.915131,2.77,0.7702,0.4794,0.75
2012,Saint Mary's,7,12.94,112.53,99.6,19.0,0.5203,0.802858,2.86,0.8195,0.4903,0.875
2012,San Diego State,6,10.15,106.3,96.15,3.0,0.5934,0.76024,2.92,0.7802,0.4661,0.7143
2012,South Dakota State,14,11.65,112.72,101.07,136.0,0.4729,0.778043,-0.41,0.8637,0.5411,0.8333
2012,South Florida,12,13.29,103.36,90.07,168.0,0.6989,0.82967,0.01,0.7049,0.5546,0.6667
2012,Southern Miss,9,10.58,111.3,100.72,21.0,0.6074,0.759183,1.27,0.8042,0.5584,0.6875
2012,St. Bonaventure,14,14.25,112.13,97.88,278.0,0.6025,0.826728,-1.04,0.7814,0.5084,0.625
2012,Syracuse,1,24.65,117.69,93.03,5.0,0.6979,0.937214,10.81,0.7125,0.5136,0.9444
2012,Temple,5,16.43,114.05,97.61,38.0,0.679,0.856854,4.22,0.7482,0.6565,0.8
2012,Texas,11,13.69,111.58,97.89,141.0,0.6816,0.818364,0.83,0.6897,0.5194,0.5
2012,UNC Asheville,16,3.97,108.79,104.82,92.0,0.4274,0.605356,-3.23,0.8608,0.666,0.8889
2012,UNLV,6,15.86,109.16,93.3,126.0,0.6066,0.858857,2.83,0.7641,0.5254,0.6429
2012,VCU,12,14.24,107.36,93.12,49.0,0.5369,0.837101,2.32,0.8243,0.5642,0.8333
2012,Vanderbilt,5,21.89,116.34,94.45,233.0,0.7027,0.916651,4.03,0.6917,0.6064,0.625
2012,Vermont,16,3.81,103.88,100.07,192.0,0.3911,0.605816,-5.36,0.8792,0.484,0.8125
2012,Virginia,10,15.42,104.53,89.12,179.0,0.6158,0.862354,1.97,0.7433,0.4462,0.5625
2012,West Virginia,10,13.59,111.44,97.85,215.0,0.6985,0.816932,-0.2,0.7223,0.5673,0.5
2012,Western Kentucky,16,-2.16,97.81,99.97,132.0,0.5169,0.43748,-10.18,0.8362,0.5933,0.4375
2012,Wichita State,5,23.21,116.78,93.57,244.0,0.6118,0.927429,4.43,0.802,0.6137,0.8889
2012,Wisconsin,4,23.71,114.16,90.45,231.0,0.6815,0.935654,4.82,0.6788,0.4715,0.6667
2012,Xavier,10,11.39,108.21,96.82,32.0,0.6848,0.782205,0.7,0.7281,0.6304,0.625
2013,Akron,12,9.07,104.79,95.72,12.0,0.5154,0.739147,0.56,0.8401,0.5362,0.875
2013,Albany,15,2.26,102.65,100.39,54.0,0.4124,0.563562,-4.34,0.8675,0.3786,0.5625
2013,Arizona,6,21.91,115.66,93.75,138.0,0.7016,0.917994,4.58,0.7258,0.5668,0.6667
2013,Belmont,11,12.93,110.35,97.41,97.0,0.49,0.807468,0.35,0.8338,0.6278,0.875
2013,Bucknell,11,11.71,106.14,94.44,42.0,0.4752,0.793099,1.25,0.8578,0.568,0.8571
2013,Butler,6,15.81,110.36,94.55,6.0,0.6802,0.855452,4.8,0.6976,0.5858,0.6471
2013,California,12,12.67,106.53,93.86,47.0,0.708,0.810871,0.52,0.7058,0.5775,0.6667
2013,Cincinnati,10,15.68,105.54,89.86,155.0,0.678,0.864134,1.69,0.6978,0.4569,0.5
2013,Colorado,10,14.38,106.08,91.69,105.0,0.7144,0.842348,1.42,0.7058,0.581,0.5556
2013,Colorado State,8,17.87,117.78,99.91,88.0,0.6574,0.868984,1.97,0.7417,0.5256,0.6875
2013,Creighton,7,21.22,117.65,96.43,143.0,0.6441,0.9078,3.6,0.7557,0.5816,0.7222
2013,Davidson,14,12.64,112.14,99.5,213.0,0.4128,0.798298,-1.25,0.8582,0.6245,0.9444
2013,Duke,2,26.54,119.54,92.99,64.0,0.7298,0.947213,7.6,0.6777,0.6768,0.7778
2013,Florida,3,29.75,116.88,87.13,336.0,0.6723,0.967016,4.2,0.7395,0.6115,0.7778
2013,Florida Gulf Coast,15,7.29,104.76,97.47,115.0,0.4563,0.696298,-3.87,0.819,0.5887,0.7222
2013,Georgetown,2,22.13,108.66,86.53,93.0,0.6821,0.932066,6.51,0.6869,0.4497,0.7778
2013,Gonzaga,1,28.46,120.09,91.63,89.0,0.6074,0.957314,7.78,0.772,0.6349,1.0
2013,Harvard,14,5.42,106.69,101.27,26.0,0.5243,0.645536,-2.51,0.8036,0.6108,0.7857
2013,Illinois,7,16.59,110.83,94.25,80.0,0.7292,0.865824,2.38,0.6309,0.5306,0.4444
2013,Indiana,1,30.8,121.99,91.19,235.0,0.6948,0.965996,7.73,0.669,0.4613,0.7778
2013,Iona,15,7.89,114.12,106.24,249.0,0.5392,0.694994,-5.67,0.8355,0.6155,0.6111
2013,Iowa State,10,18.46,118.25,99.79,207.0,0.6428,0.875698,0.75,0.7112,0.4778,0.6111
2013,James Madison,16,-0.87,99.92,100.79,59.0,0.4478,0.475217,-8.65,0.8793,0.4292,0.6111
2013,Kansas,1,25.13,112.76,87.63,102.0,0.6754,0.947807,7.53,0.7101,0.6141,0.7778
2013,Kansas State,4,18.41,114.34,95.93,18.0,0.6389,0.882758,5.41,0.7009,0.4712,0.7778
2013,La Salle,13,15.52,113.24,97.72,77.0,0.6442,0.844831,0.47,0.7456,0.5078,0.6875
2013,Louisville,1,31.01,117.04,86.03,123.0,0.7285,0.971813,8.97,0.6634,0.5731,0.7778
2013,Marquette,3,19.33,114.01,94.69,21.0,0.7097,0.894354,4.46,0.6667,0.5202,0.7778
2013,Memphis,6,16.04,107.54,91.5,7.0,0.5753,0.865,4.74,0.7959,0.5501,1.0
2013,Miami (FL),2,21.17,113.6,92.42,53.0,0.7088,0.914657,6.35,0.7173,0.634,0.8333
2013,Michigan,4,27.31,122.57,95.26,60.0,0.7205,0.947811,6.19,0.6295,0.4836,0.6667
2013,Michigan State,3,23.11,112.38,89.28,69.0,0.7389,0.933815,6.69,0.6233,0.5299,0.7222
2013,Minnesota,11,19.61,113.67,94.05,211.0,0.7394,0.898277,2.1,0.6387,0.5842,0.4444
2013,Missouri,9,17.93,114.56,96.63,227.0,0.6273,0.876229,1.26,0.7342,0.5056,0.6111
2013,Montana,13,-0.04,103.03,103.07,1.0,0.3982,0.498809,-1.25,0.8658,0.6765,0.95
2013,NC State,8,16.82,116.39,99.57,111.0,0.6684,0.857552,0.0,0.726,0.543,0.6111
2013,New Mexico,3,15.65,108.21,92.57,2.0,0.687,0.857689,6.99,0.7429,0.6363,0.8125
2013,New Mexico State,13,7.28,103.87,96.58,84.0,0.5154,0.697632,-2.86,0.839,0.6019,0.7778
2013,North Carolina,8,18.19,112.73,94.55,122.0,0.6882,0.883206,2.55,0.6952,0.506,0.6667
2013,North Carolina A&T,16,-4.94,92.04,96.98,171.0,0.3538,0.354022,-11.27,0.8857,0.4583,0.5
2013,Northwestern State,14,4.46,104.42,99.96,150.0,0.6883,0.622982,-5.61,0.6707,0.4493,0.2222
2013,Notre Dame,7,17.18,114.11,96.93,48.0,0.6728,0.867171,3.84,0.7009,0.4507,0.6111
2013,Ohio State,2,23.83,114.72,90.89,50.0,0.7087,0.935711,7.15,0.6471,0.4455,0.7222
2013,Oklahoma,10,14.63,111.8,97.17,158.0,0.6707,0.83384,0.38,0.7162,0.5778,0.6111
2013,Oklahoma State,5,18.43,108.84,90.41,156.0,0.643,0.894105,3.18,0.7308,0.4956,0.7222
2013,Ole Miss,12,14.22,111.21,96.99,44.0,0.5847,0.828311,1.68,0.7723,0.3785,0.6667
2013,Oregon,12,15.85,105.94,90.09,31.0,0.652,0.865746,2.9,0.7365,0.4028,0.6667
2013,Pacific,15,3.55,106.05,102.5,78.0,0.5109,0.596729,-4.97,0.83,0.7064,0.7222
2013,Pittsburgh,8,21.38,114.06,92.68,218.0,0.6268,0.915799,3.11,0.722,0.3548,0.6667
2013,Saint Louis,4,20.29,109.17,88.87,170.0,0.6197,0.914142,3.89,0.7768,0.4713,0.8125
2013,Saint Mary's,11,18.89,115.25,96.36,112.0,0.5843,0.88685,2.69,0.7886,0.5322,0.875
2013,San Diego State,7,16.2,107.13,90.93,247.0,0.6679,0.86819,0.49,0.7394,0.5553,0.5625
2013,South Dakota State,13,6.19,111.15,104.95,100.0,0.4341,0.659144,-3.03,0.8449,0.547,0.8125
2013,Southern,16,-1.28,96.92,98.21,153.0,0.3009,0.462219,-5.53,0.8963,0.5472,0.8333
2013,Syracuse,4,25.39,113.84,88.45,209.0,0.7048,0.947964,5.12,0.6633,0.4631,0.6111
2013,Temple,9,13.61,111.9,98.29,23.0,0.6384,0.816246,1.57,0.7315,0.5445,0.6875
2013,UCLA,6,14.83,111.18,96.35,20.0,0.7013,0.838469,3.34,0.7252,0.548,0.7222
2013,UNLV,5,16.06,105.87,89.8,180.0,0.6485,0.869013,1.83,0.7569,0.5271,0.625
2013,VCU,5,21.59,115.01,93.42,258.0,0.6415,0.916104,2.71,0.758,0.5313,0.75
2013,Valparaiso,14,10.26,109.93,99.67,67.0,0.4817,0.755298,-0.6,0.8458,0.4523,0.8125
2013,Villanova,9,14.31,106.44,92.13,185.0,0.7169,0.840306,0.3,0.6742,0.5511,0.5556
2013,Western Kentucky,16,-0.04,101.6,101.64,178.0,0.4523,0.498828,-8.15,0.8365,0.5683,0.5
2013,Wichita State,9,19.44,111.87,92.43,79.0,0.6544,0.899822,2.33,0.7285,0.5479,0.6667
2013,Wisconsin,5,22.32,108.2,85.88,273.0,0.7126,0.934442,4.57,0.6293,0.4992,0.6667
2014,,4,31.14,119.37,88.22,303.0,0.6012,0.970026,5.38,0.7735,0.4509,0.8333
2014,Albany,16,-0.17,103.52,103.69,237.0,0.3949,0.495289,-8.52,0.8757,0.5046,0.5625
2014,American,15,4.24,102.47,98.23,197.0,0.4611,0.619279,-5.34,0.8512,0.4798,0.7222
2014,Arizona,1,28.67,116.73,88.07,129.0,0.706,0.962341,9.48,0.7009,0.5746,0.8333
2014,Arizona State,10,13.73,110.86,97.13,126.0,0.669,0.820559,1.21,0.7245,0.4986,0.5556
2014,BYU,10,13.26,114.36,101.1,117.0,0.6496,0.804976,0.65,0.7516,0.6506,0.7222
2014,Baylor,6,19.53,119.73,100.2,137.0,0.7273,0.885673,3.13,0.6753,0.5614,0.5
2014,Cal Poly,16,-2.33,102.64,104.97,241.0,0.542,0.435808,-10.6,0.7981,0.6742,0.375
2014,Cincinnati,5,17.05,109.2,92.15,32.0,0.6114,0.875664,5.36,0.7459,0.4887,0.8333
2014,Coastal Carolina,16,-3.62,98.87,102.49,87.0,0.3797,0.398188,-7.55,0.89,0.4347,0.6875
2014,Colorado,8,10.67,107.39,96.72,8.0,0.6889,0.769092,2.45,0.7075,0.5736,0.5556
2014,Creighton,3,23.07,125.69,102.62,139.0,0.6844,0.911494,5.66,0.7326,0.5626,0.7778
2014,Dayton,11,13.78,113.51,99.74,41.0,0.6562,0.815743,0.7,0.75,0.5271,0.625
2014,Delaware,13,4.79,111.42,106.63,7.0,0.492,0.623699,-1.22,0.8363,0.5489,0.875
2014,Duke,3,27.06,126.42,99.35,258.0,0.7164,0.941046,6.51,0.6942,0.6022,0.7222
2014,Eastern Kentucky,15,4.05,112.59,108.54,88.0,0.4115,0.60391,-3.19,0.8593,0.4281,0.6875
2014,Florida,1,27.34,116.4,89.06,16.0,0.7107,0.956007,11.77,0.6931,0.5911,1.0
2014,George Washington,9,13.19,110.75,97.56,20.0,0.6388,0.811253,3.25,0.7545,0.538,0.6875
2014,Gonzaga,8,20.29,114.24,93.96,142.0,0.6315,0.904512,4.05,0.7769,0.582,0.8333
2014,Harvard,12,16.7,112.56,95.86,72.0,0.5102,0.863734,2.37,0.8361,0.5292,0.9286
2014,Iowa State,3,19.58,119.13,99.55,6.0,0.7326,0.887446,7.5,0.677,0.5748,0.6111
2014,Kansas,2,23.37,119.66,96.28,154.0,0.7676,0.924086,6.92,0.6523,0.7219,0.7778
2014,Kansas State,9,14.74,108.38,93.64,219.0,0.6747,0.843076,0.56,0.7107,0.4664,0.5556
2014,Kentucky,8,20.78,117.7,96.92,56.0,0.736,0.903282,3.96,0.6612,0.6243,0.6667
2014,Louisiana–Lafayette,14,6.33,111.9,105.57,170.0,0.4953,0.661444,-3.66,0.8261,0.5761,0.6111
2014,Manhattan,13,9.82,106.88,97.06,64.0,0.4942,0.751781,-0.38,0.8556,0.5849,0.75
2014,Massachusetts,6,12.02,109.55,97.53,4.0,0.6926,0.791892,3.66,0.7481,0.653,0.625
2014,Memphis,8,15.46,113.09,97.63,45.0,0.6443,0.844327,2.84,0.7028,0.5329,0.6667
2014,Mercer,14,7.81,110.25,102.44,130.0,0.4195,0.69954,-2.64,0.8582,0.596,0.7778
2014,Michigan,2,24.89,125.52,100.63,52.0,0.729,0.927042,7.74,0.6358,0.529,0.8333
2014,Michigan State,4,24.16,120.11,95.95,96.0,0.7274,0.929744,6.95,0.6659,0.5498,0.6667
2014,Milwaukee,15,0.45,104.93,104.48,33.0,0.4985,0.51225,-5.95,0.8523,0.4348,0.4375
2014,NC Central,14,7.91,108.62,100.71,110.0,0.3062,0.704632,-0.5,0.8864,0.4709,0.9412
2014,NC State,12,13.27,115.42,102.15,84.0,0.6825,0.802944,0.66,0.7014,0.472,0.5
2014,Nebraska,11,13.03,108.78,95.75,83.0,0.7022,0.812706,1.29,0.68,0.5075,0.6111
2014,New Mexico,7,17.1,113.41,96.31,53.0,0.6248,0.867516,4.54,0.7831,0.6022,0.8333
2014,New Mexico State,13,9.78,112.33,102.56,207.0,0.4297,0.74023,-2.21,0.8538,0.5564,0.75
2014,North Carolina,6,18.51,113.9,95.39,79.0,0.7062,0.884898,4.27,0.6897,0.5712,0.7222
2014,North Dakota State,12,11.0,114.63,103.62,36.0,0.5193,0.761446,0.32,0.8357,0.5916,0.8571
2014,Ohio State,6,19.68,108.9,89.22,208.0,0.6949,0.908234,4.51,0.7143,0.4894,0.5556
2014,Oklahoma,5,18.55,118.72,100.17,106.0,0.703,0.875888,4.1,0.7082,0.5544,0.6667
2014,Oklahoma State,9,20.62,116.15,95.54,328.0,0.6921,0.904398,1.38,0.7055,0.5163,0.4444
2014,Oregon,7,17.99,118.66,100.67,127.0,0.673,0.868841,2.67,0.7303,0.5232,0.5556
2014,Pittsburgh,9,22.95,117.68,94.73,256.0,0.6869,0.923782,4.17,0.715,0.4839,0.6111
2014,Providence,11,14.26,115.43,101.17,111.0,0.6931,0.820049,1.28,0.7223,0.5515,0.5556
2014,Saint Joseph's,10,16.13,114.36,98.23,141.0,0.6524,0.851775,2.22,0.7656,0.5331,0.6875
2014,Saint Louis,5,14.42,105.51,91.09,17.0,0.6252,0.844261,3.9,0.7633,0.4897,0.8125
2014,San Diego State,4,18.67,110.0,91.34,18.0,0.6173,0.894572,6.06,0.7605,0.5672,0.8889
2014,Stanford,10,14.99,112.23,97.24,98.0,0.6968,0.838784,1.16,0.6977,0.5785,0.5556
2014,Stephen F. Austin,12,10.46,112.68,102.21,12.0,0.3551,0.754125,1.83,0.9,0.3981,1.0
2014,Syracuse,3,21.21,114.74,93.53,28.0,0.6888,0.912948,7.9,0.7146,0.5486,0.7778
2014,Tennessee,11,24.67,118.7,94.03,346.0,0.6912,0.935788,0.41,0.708,0.5673,0.6111
2014,Texas,7,15.53,112.93,97.4,34.0,0.7004,0.845643,3.65,0.6923,0.5133,0.6111
2014,Tulsa,13,9.77,106.22,96.45,275.0,0.529,0.752033,-3.45,0.8149,0.5625,0.8125
2014,UCLA,4,22.22,119.55,97.33,174.0,0.677,0.914121,4.57,0.7295,0.4921,0.6667
2014,UConn,7,21.05,113.05,92.0,29.0,0.6911,0.914448,4.8,0.6885,0.5726,0.6667
2014,VCU,5,18.35,108.84,90.49,196.0,0.6504,0.893156,3.7,0.7639,0.5727,0.75
2014,Villanova,2,22.57,115.68,93.11,30.0,0.6831,0.923851,8.36,0.7248,0.5784,0.8889
2014,Virginia,1,24.92,115.16,90.24,120.0,0.6978,0.942884,8.23,0.6928,0.5627,0.8889
2014,Weber State,16,-0.49,106.75,107.24,225.0,0.3715,0.486911,-6.81,0.8818,0.5932,0.7
2014,Western Michigan,14,2.67,105.95,103.28,11.0,0.478,0.572992,-2.77,0.8651,0.4568,0.7778
2014,Wichita State,1,23.42,117.01,93.59,19.0,0.5561,0.928816,8.23,0.8341,0.6057,1.0
2014,Wisconsin,2,26.55,123.2,96.65,92.0,0.7486,0.942184,7.96,0.6545,0.5999,0.6667
2014,Wofford,15,-2.46,100.35,102.81,138.0,0.3936,0.430752,-6.43,0.8548,0.631,0.6875
2015,Albany,14,3.01,107.14,104.14,36.0,0.3907,0.581122,-2.99,0.8856,0.4949,0.9375
2015,Arizona,2,29.98,119.17,89.19,130.0,0.6763,0.965536,8.94,0.7327,0.5499,0.8889
2015,Arkansas,5,16.7,114.97,98.26,37.0,0.6436,0.85881,3.8,0.7356,0.484,0.7222
2015,Baylor,3,22.72,117.67,94.95,237.0,0.7182,0.921799,4.78,0.6828,0.5356,0.6111
2015,Belmont,15,2.32,110.91,108.59,76.0,0.432,0.560378,-4.42,0.8616,0.4553,0.6875
2015,Buffalo,12,11.17,111.02,99.84,144.0,0.542,0.772044,-0.97,0.8182,0.5076,0.6667
2015,Butler,6,19.16,109.93,90.77,168.0,0.7057,0.900467,3.36,0.6758,0.5381,0.6667
2015,California-Irvine,13,5.14,104.36,99.22,53.0,0.6295,0.641279,-3.4,0.7385,0.4808,0.3889
2015,Cincinnati,8,14.13,108.35,94.21,224.0,0.5973,0.833072,-1.16,0.7889,0.5822,0.7222
2015,Coastal Carolina,16,2.03,106.79,104.77,143.0,0.3754,0.554873,-4.83,0.8852,0.4555,0.6667
2015,Davidson,10,15.96,120.21,104.25,94.0,0.5772,0.837287,1.82,0.7822,0.4477,0.7778
2015,Dayton,11,12.23,108.8,96.57,28.0,0.5949,0.797609,0.9,0.8012,0.5404,0.7222
2015,Duke,1,33.99,126.79,92.8,42.0,0.7301,0.973109,10.56,0.6315,0.5554,0.8333
2015,Eastern Washington,13,2.88,112.28,109.4,10.0,0.4284,0.574189,-2.29,0.8694,0.5758,0.7778
2015,Georgetown,4,18.28,114.26,95.98,106.0,0.7281,0.881311,3.6,0.667,0.5966,0.6667
2015,Georgia,10,14.38,109.17,94.79,116.0,0.6946,0.835458,1.52,0.7056,0.5601,0.6111
2015,Georgia State,14,11.62,111.67,100.05,218.0,0.4742,0.779717,-2.61,0.8456,0.5585,0.75
2015,Gonzaga,2,26.8,122.0,95.2,32.0,0.6242,0.945459,7.87,0.7667,0.5959,0.9444
2015,Hampton,16,-6.9,97.08,103.98,217.0,0.3473,0.312207,-12.35,0.8825,0.4674,0.5
2015,Harvard,13,7.46,104.38,96.92,48.0,0.5062,0.701258,-1.08,0.8347,0.5261,0.7857
2015,Indiana,10,15.82,120.95,105.13,223.0,0.6617,0.833711,-0.37,0.7086,0.4559,0.5
2015,Iowa,7,21.21,115.34,94.12,294.0,0.6842,0.911929,1.97,0.6828,0.5154,0.6667
2015,Iowa State,3,20.93,119.12,98.19,50.0,0.7136,0.902173,6.79,0.6693,0.5174,0.6667
2015,Kansas,2,22.03,114.89,92.87,27.0,0.785,0.920381,8.74,0.6277,0.7175,0.7222
2015,Kentucky,1,35.62,121.77,86.15,57.0,0.7023,0.981652,12.96,0.7069,0.6117,1.0
2015,LSU,9,14.19,109.34,95.15,177.0,0.6295,0.831833,0.45,0.7655,0.456,0.6111
2015,Lafayette,16,-4.11,112.05,116.16,17.0,0.4195,0.397922,-6.8,0.8693,0.4835,0.5
2015,Louisville,4,21.34,110.97,89.63,84.0,0.7089,0.921021,5.66,0.6641,0.4966,0.6667
2015,Maryland,4,15.79,111.83,96.04,1.0,0.6705,0.851943,6.83,0.7071,0.4896,0.7778
2015,Michigan State,7,23.1,117.91,94.81,180.0,0.7196,0.924672,2.97,0.6511,0.5174,0.6667
2015,NC State,8,16.55,115.64,99.09,126.0,0.7266,0.855182,0.0,0.6594,0.5492,0.5556
2015,New Mexico State,15,6.09,106.15,100.06,239.0,0.4132,0.663562,-4.26,0.8581,0.5579,0.9286
2015,North Carolina,4,26.53,121.17,94.65,257.0,0.7772,0.944875,6.38,0.6118,0.6792,0.6111
2015,North Dakota State,15,0.28,102.77,102.49,12.0,0.4246,0.507896,-3.69,0.8645,0.4293,0.75
2015,Northeastern,14,6.11,109.04,102.93,133.0,0.4793,0.660001,-4.25,0.86,0.5507,0.6667
2015,Northern Iowa,5,22.15,117.28,95.13,72.0,0.552,0.917367,5.56,0.8123,0.5482,0.8889
2015,Notre Dame,3,26.06,126.96,100.9,11.0,0.6616,0.933534,8.44,0.6729,0.3583,0.7778
2015,Ohio State,10,20.17,115.52,95.35,210.0,0.6589,0.900824,2.4,0.7039,0.4014,0.6111
2015,Oklahoma,3,22.26,112.99,90.73,248.0,0.7243,0.925749,4.25,0.666,0.5509,0.6667
2015,Oklahoma State,9,14.42,112.28,97.86,202.0,0.7181,0.829242,0.05,0.6741,0.5099,0.4444
2015,Ole Miss,11,12.23,113.66,101.43,98.0,0.6717,0.787382,-0.55,0.7328,0.512,0.6111
2015,Oregon,8,14.51,115.8,101.29,14.0,0.6685,0.823459,2.95,0.7178,0.5171,0.7222
2015,Providence,6,17.13,113.02,95.89,105.0,0.7246,0.868746,3.55,0.6651,0.5886,0.6111
2015,Purdue,9,15.79,112.05,96.26,206.0,0.6683,0.851572,0.9,0.7061,0.4807,0.6667
2015,Robert Morris,16,-2.21,102.85,105.06,123.0,0.4073,0.439166,-8.3,0.8627,0.5592,0.6667
2015,SMU,6,16.26,112.91,96.65,68.0,0.5856,0.856654,3.3,0.7934,0.562,0.8333
2015,San Diego State,8,15.45,105.0,89.55,136.0,0.595,0.861821,1.51,0.779,0.6004,0.7778
2015,St. John's,9,15.17,112.06,96.88,96.0,0.7061,0.841998,2.22,0.6755,0.5422,0.5556
2015,Stephen F. Austin,12,12.52,113.09,100.56,45.0,0.4102,0.794049,1.48,0.8563,0.5427,0.9444
2015,Texas,11,18.5,112.15,93.64,312.0,0.6965,0.888328,0.77,0.6785,0.5032,0.4444
2015,Texas Southern,15,-5.38,104.33,109.71,9.0,0.3897,0.359427,-4.3,0.8126,0.7453,0.8889
2015,UAB,14,2.42,104.5,102.08,148.0,0.5243,0.567033,-7.24,0.8222,0.6006,0.6667
2015,UCLA,11,14.53,113.41,98.88,142.0,0.6745,0.828733,-0.05,0.6927,0.577,0.6111
2015,Utah,5,25.5,116.47,90.97,298.0,0.673,0.944915,3.65,0.703,0.5409,0.7222
2015,Valparaiso,13,10.49,106.99,96.49,61.0,0.4661,0.766211,0.4,0.8805,0.4272,0.8125
2015,Villanova,1,30.27,123.61,93.34,71.0,0.695,0.961968,11.23,0.726,0.5495,0.8889
2015,Virginia,2,27.47,113.87,86.4,63.0,0.6924,0.959868,9.92,0.6953,0.5399,0.8889
2015,Virginia Commonwealth,7,27.47,113.87,86.4,63.0,0.6924,0.959868,9.92,0.6953,0.5399,0.8889
2015,West Virginia,5,16.41,111.94,95.54,18.0,0.7067,0.860865,3.95,0.6829,0.4899,0.6111
2015,Wichita State,7,22.39,116.12,93.74,102.0,0.5941,0.921487,4.42,0.7848,0.6169,0.9444
2015,Wisconsin,1,34.7,130.54,95.84,67.0,0.747,0.972161,11.26,0.6543,0.6354,0.8889
2015,Wofford,12,5.91,104.74,98.83,6.0,0.4393,0.661074,0.47,0.8496,0.608,0.8889
2015,Wyoming,12,4.25,104.32,100.07,5.0,0.5133,0.617431,-1.35,0.8274,0.365,0.6111
2015,Xavier,6,20.02,117.4,97.39,279.0,0.734,0.895633,1.27,0.6808,0.584,0.5
2016,Arizona,6,20.02,116.81,96.79,154.0,0.6585,0.89678,3.47,0.739,0.4821,0.6667
2016,Austin Peay,16,-5.46,104.52,109.98,117.0,0.4336,0.357538,-11.15,0.8614,0.4812,0.4375
2016,Baylor,5,18.38,118.89,100.51,97.0,0.7133,0.873358,3.48,0.6459,0.4927,0.5556
2016,Buffalo,14,2.76,106.12,103.36,93.0,0.5392,0.575156,-5.65,0.811,0.5541,0.5556
2016,Butler,9,19.31,119.07,99.77,152.0,0.6625,0.884368,2.08,0.6891,0.4665,0.5556
2016,Cal State Bakersfield,15,7.98,104.61,96.63,243.0,0.388,0.71355,-3.39,0.8779,0.4504,0.7857
2016,California,4,19.37,113.22,93.85,263.0,0.6765,0.8964,2.29,0.7272,0.499,0.6667
2016,Chattanooga,12,4.81,106.58,101.77,2.0,0.4225,0.629628,0.55,0.8706,0.5033,0.8333
2016,Cincinnati,9,16.33,110.95,94.62,246.0,0.6051,0.861904,0.36,0.7607,0.4933,0.6667
2016,Colorado,8,12.44,108.62,96.18,78.0,0.6623,0.801968,0.73,0.7281,0.4867,0.5556
2016,Dayton,7,12.68,106.32,93.63,25.0,0.6224,0.811681,2.56,0.7849,0.5907,0.7778
2016,Duke,4,21.95,121.92,99.97,143.0,0.7423,0.907451,4.21,0.6734,0.6232,0.6111
2016,Florida Gulf Coast,16,0.71,103.82,103.11,279.0,0.4134,0.519812,-8.27,0.8742,0.5011,0.5714
2016,Fresno State,14,6.1,107.24,101.14,10.0,0.558,0.662219,-0.72,0.8131,0.4784,0.7222
2016,Gonzaga,11,22.78,118.37,95.6,244.0,0.5967,0.921118,2.2,0.7758,0.636,0.8333
2016,Green Bay,14,2.76,107.86,105.1,42.0,0.5058,0.573998,-4.37,0.8324,0.5339,0.6111
2016,Hampton,16,-9.03,99.3,108.33,5.0,0.3185,0.268775,-6.15,0.8935,0.5162,0.8125
2016,Hawaii,13,11.83,107.78,95.95,48.0,0.4927,0.792078,0.95,0.8473,0.4016,0.8125
2016,Holy Cross,16,-9.69,97.95,107.64,98.0,0.3766,0.252678,-14.25,0.8911,0.3873,0.2778
2016,Indiana,5,22.64,122.11,99.47,148.0,0.635,0.913626,3.3,0.7448,0.4759,0.8333
2016,Iona,13,7.13,110.16,103.04,138.0,0.4684,0.683379,-3.35,0.8492,0.6224,0.8
2016,Iowa,7,18.81,115.59,96.78,176.0,0.6718,0.885219,2.01,0.6951,0.5407,0.6667
2016,Iowa State,4,21.92,122.08,100.17,169.0,0.7323,0.906826,3.52,0.6464,0.5652,0.5556
2016,Kansas,1,30.21,121.6,91.39,60.0,0.7512,0.963904,11.45,0.6357,0.6058,0.8333
2016,Kentucky,4,27.58,123.87,96.29,301.0,0.7017,0.94766,5.02,0.7144,0.5986,0.7222
2016,Little Rock,12,11.37,108.65,97.27,8.0,0.4846,0.781049,2.2,0.8424,0.4825,0.85
2016,Maryland,5,18.45,115.98,97.53,52.0,0.6706,0.880021,4.02,0.7045,0.5044,0.6667
2016,Miami (FL),3,22.63,120.32,97.69,41.0,0.7436,0.916512,6.87,0.6615,0.5954,0.7222
2016,Michigan,11,13.9,114.23,100.32,88.0,0.6553,0.816462,0.88,0.7079,0.4827,0.5556
2016,Michigan State,2,26.33,123.4,97.07,130.0,0.6439,0.940475,7.35,0.7368,0.5309,0.7222
2016,Middle Tennessee,15,4.5,104.83,100.33,16.0,0.4983,0.623572,-2.99,0.8513,0.5706,0.7222
2016,North Carolina,1,28.19,124.26,96.07,87.0,0.737,0.950678,8.53,0.664,0.6,0.7778
2016,Northern Iowa,11,13.04,110.67,97.63,222.0,0.6014,0.808755,-1.98,0.7714,0.6599,0.6111
2016,Notre Dame,6,14.54,118.98,104.44,11.0,0.7073,0.817459,2.32,0.6702,0.499,0.6111
2016,Oklahoma,2,24.6,119.09,94.5,35.0,0.7526,0.934658,7.88,0.6226,0.5627,0.6667
2016,Oregon,1,21.99,119.11,97.12,47.0,0.7078,0.912736,6.71,0.7111,0.5599,0.7778
2016,Oregon State,7,11.69,110.88,99.19,58.0,0.7173,0.782601,0.32,0.6909,0.5528,0.5
2016,Pittsburgh,10,17.0,114.89,97.9,160.0,0.6857,0.863056,1.77,0.6829,0.4166,0.5
2016,Providence,9,14.03,110.31,96.28,13.0,0.6761,0.826953,3.35,0.6766,0.4806,0.5556
2016,Purdue,5,23.77,118.13,94.36,260.0,0.6586,0.929795,4.45,0.7307,0.5044,0.6667
2016,Saint Joseph's,8,16.45,115.14,98.69,45.0,0.6316,0.854835,3.56,0.7704,0.5674,0.7222
2016,Seton Hall,6,19.01,111.53,92.52,57.0,0.6806,0.89558,5.3,0.6852,0.4861,0.6667
2016,South Dakota State,12,9.52,111.51,101.99,72.0,0.4972,0.736144,-1.02,0.8682,0.5327,0.75
2016,Stephen F. Austin,14,14.01,111.01,97.0,221.0,0.3654,0.825058,-1.06,0.8799,0.5821,1.0
2016,Stony Brook,13,5.41,105.72,100.31,24.0,0.4084,0.646583,-0.96,0.8696,0.5922,0.875
2016,Syracuse,10,17.79,112.52,94.73,204.0,0.7039,0.878615,-0.3,0.6721,0.5161,0.5
2016,Temple,10,8.62,107.17,98.55,21.0,0.6253,0.724047,-0.04,0.7444,0.5713,0.7778
2016,Texas,6,15.76,112.82,97.06,64.0,0.7548,0.849503,3.07,0.6412,0.6295,0.6111
2016,Texas A&M,3,20.61,113.94,93.33,108.0,0.7041,0.908405,5.15,0.7155,0.5984,0.7222
2016,Texas Tech,8,13.66,113.69,100.03,68.0,0.7251,0.81335,1.25,0.6705,0.5522,0.5
2016,UConn,9,16.79,111.44,94.64,175.0,0.6323,0.867426,1.23,0.7475,0.5215,0.6111
2016,UNC Asheville,15,1.77,102.29,100.52,171.0,0.4029,0.549986,-6.14,0.8748,0.5537,0.6667
2016,UNC Wilmington,13,8.43,110.37,101.94,31.0,0.5222,0.713824,-0.6,0.8503,0.4052,0.7778
2016,USC,8,14.76,114.53,99.77,181.0,0.6745,0.830213,0.23,0.7279,0.5163,0.5
2016,Utah,3,18.15,116.51,98.36,19.0,0.705,0.87515,5.67,0.6888,0.5637,0.7222
2016,VCU,10,17.75,112.91,95.16,278.0,0.6123,0.877272,0.03,0.7813,0.5461,0.7778
2016,Villanova,2,32.01,123.97,91.96,96.0,0.7209,0.968786,8.95,0.659,0.5872,0.8889
2016,Virginia,1,28.64,120.78,92.14,185.0,0.7524,0.957418,8.65,0.6375,0.6282,0.7222
2016,Weber State,15,2.29,102.69,100.4,39.0,0.3991,0.564415,-3.5,0.8936,0.5546,0.8333
2016,West Virginia,3,24.08,115.67,91.59,133.0,0.7236,0.936078,7.32,0.6516,0.5506,0.7222
2016,Wichita State,11,22.1,111.07,88.97,337.0,0.5927,0.927688,0.28,0.7872,0.66,0.8889
2016,Wisconsin,7,14.98,109.52,94.54,120.0,0.6952,0.844369,0.49,0.6923,0.5736,0.6667
2016,Xavier,2,22.47,117.81,95.35,36.0,0.6953,0.919327,7.73,0.7075,0.5826,0.7778
2016,Yale,12,13.52,109.98,96.47,111.0,0.4914,0.818768,0.1,0.8187,0.4807,0.9286
2017,Arizona,2,21.91,118.36,96.45,7.0,0.6667,0.913216,7.9,0.7333,0.5885,0.8889
2017,Arkansas,8,14.77,115.52,100.75,2.0,0.6764,0.828202,3.89,0.6975,0.5002,0.6667
2017,Baylor,3,22.03,117.0,94.97,16.0,0.7301,0.916785,7.83,0.6437,0.5147,0.6667
2017,Bucknell,13,9.23,109.07,99.84,154.0,0.4318,0.734399,-1.96,0.8618,0.5398,0.8333
2017,Butler,4,20.64,118.45,97.81,33.0,0.7388,0.900403,5.51,0.6669,0.6371,0.6667
2017,Cincinnati,6,23.02,115.97,92.95,96.0,0.6204,0.927229,5.7,0.7546,0.5417,0.8889
2017,Creighton,6,18.97,115.18,96.21,106.0,0.6809,0.88788,4.25,0.7053,0.468,0.5556
2017,Dayton,7,13.97,111.83,97.85,61.0,0.5857,0.822743,1.55,0.7963,0.543,0.8333
2017,Duke,2,26.25,122.79,96.54,84.0,0.7351,0.940809,8.53,0.6278,0.5412,0.6111
2017,East Tennessee State,13,12.43,109.81,97.38,250.0,0.6992,0.799264,-2.25,0.6661,0.5779,0.4444
2017,Florida,4,27.34,117.33,90.0,248.0,0.7572,0.954794,6.32,0.6428,0.6665,0.7778
2017,Florida Gulf Coast,14,4.5,108.75,104.25,37.0,0.3713,0.619134,-1.63,0.8709,0.4439,0.8571
2017,Florida State,3,27.34,117.33,90.0,248.0,0.7572,0.954794,6.32,0.6428,0.6665,0.7778
2017,Gonzaga,1,31.25,118.5,87.25,64.0,0.5772,0.971279,7.79,0.7636,0.5513,0.9444
2017,Iona,14,3.5,110.24,106.74,113.0,0.4606,0.591815,-5.57,0.8609,0.5038,0.6
2017,Iowa State,5,23.37,120.6,97.24,104.0,0.754,0.922486,6.4,0.6055,0.5284,0.6667
2017,Jacksonville State,15,0.31,105.36,105.06,156.0,0.4211,0.508338,-7.87,0.8653,0.4141,0.5625
2017,Kansas,1,26.65,122.2,95.55,3.0,0.7597,0.944206,10.93,0.6342,0.6013,0.8889
2017,Kansas State,11,17.68,112.93,95.25,183.0,0.7134,0.876294,1.58,0.6465,0.4313,0.4444
2017,Kent State,14,1.33,105.06,103.73,92.0,0.4532,0.536684,-7.01,0.8795,0.3495,0.5556
2017,Kentucky,2,26.78,119.07,92.29,47.0,0.7228,0.949306,9.0,0.6711,0.5849,0.8889
2017,Louisville,2,25.86,118.22,92.36,199.0,0.7484,0.944739,6.85,0.6421,0.6164,0.6667
2017,Marquette,10,19.61,122.48,102.87,301.0,0.6889,0.881487,0.58,0.6878,0.5069,0.5556
2017,Maryland,6,15.2,114.09,98.89,17.0,0.672,0.838119,3.68,0.7289,0.4937,0.6667
2017,Miami (FL),8,17.3,111.4,94.1,126.0,0.7006,0.874456,2.88,0.6582,0.4609,0.5556
2017,Michigan,7,25.43,124.0,98.57,277.0,0.7226,0.933339,3.76,0.6591,0.5332,0.5556
2017,Michigan State,9,16.48,112.31,95.84,212.0,0.7243,0.861119,0.38,0.6541,0.5779,0.5556
2017,Middle Tennessee,12,14.56,112.13,97.57,34.0,0.4809,0.831931,2.18,0.8643,0.566,0.9444
2017,Minnesota,5,16.24,110.09,93.86,58.0,0.6951,0.86234,3.69,0.7115,0.5096,0.6111
2017,Mount St. Mary's,16,-2.66,99.84,102.5,103.0,0.4204,0.425015,-7.76,0.8264,0.6691,0.7778
2017,Nevada,12,13.07,114.69,101.62,25.0,0.5539,0.800846,1.83,0.835,0.4934,0.7778
2017,New Mexico State,14,6.92,110.26,103.34,13.0,0.3979,0.678122,-0.12,0.8926,0.3594,0.7857
2017,North Carolina,1,29.21,121.64,92.43,87.0,0.7427,0.95924,8.31,0.6329,0.5707,0.7778
2017,North Dakota,15,0.49,103.93,103.44,90.0,0.3458,0.513511,-5.24,0.9097,0.3879,0.7778
2017,Northern Kentucky,15,1.52,106.49,104.98,42.0,0.3981,0.541104,-4.79,0.8811,0.371,0.6667
2017,Northwestern,8,16.02,111.85,95.84,86.0,0.6832,0.855362,1.95,0.6982,0.4868,0.5556
2017,Notre Dame,5,22.62,120.04,97.42,88.0,0.7092,0.916951,5.92,0.6515,0.477,0.6667
2017,Oklahoma State,10,24.02,127.38,103.36,274.0,0.7362,0.91706,3.27,0.6183,0.5252,0.5
2017,Oregon,3,23.67,118.49,94.82,43.0,0.6615,0.928432,6.0,0.734,0.5223,0.8889
2017,Princeton,12,12.26,108.56,96.3,147.0,0.4592,0.798639,-0.28,0.8561,0.4823,1.0
2017,Purdue,4,23.12,117.25,94.13,97.0,0.6926,0.925952,5.58,0.6862,0.4945,0.7778
2017,Rhode Island,11,17.07,112.04,94.97,226.0,0.6093,0.87005,0.48,0.7803,0.558,0.7222
2017,SMU,6,25.79,120.87,95.08,152.0,0.6104,0.940485,6.49,0.7772,0.5429,0.9444
2017,Saint Mary's,7,24.14,118.86,94.72,158.0,0.5292,0.931545,3.97,0.8033,0.4722,0.8889
2017,Seton Hall,9,13.1,109.7,96.6,19.0,0.6956,0.81183,2.61,0.6724,0.4916,0.5556
2017,South Carolina,7,19.37,109.4,90.03,151.0,0.7078,0.9039,1.66,0.6851,0.5329,0.6667
2017,South Dakota State,16,-1.57,109.0,110.57,148.0,0.4572,0.458973,-9.69,0.8575,0.4731,0.5
2017,Texas Southern,16,-5.52,101.8,107.33,11.0,0.3497,0.352584,-4.31,0.8323,0.6865,0.8889
2017,Troy,15,2.31,109.6,107.29,200.0,0.4288,0.560962,-7.9,0.8768,0.3298,0.5556
2017,UC Davis,16,-3.3,98.3,101.6,5.0,0.3846,0.406201,-7.37,0.8986,0.4073,0.6875
2017,UCLA,3,23.03,123.53,100.49,15.0,0.6144,0.914768,6.68,0.7423,0.4667,0.8333
2017,UNC Wilmington,12,12.87,118.75,105.88,20.0,0.4863,0.789094,1.69,0.8572,0.4764,0.8333
2017,USC,11,12.56,114.12,101.56,9.0,0.6215,0.792639,1.36,0.7463,0.4686,0.5556
2017,VCU,10,12.0,108.84,96.83,26.0,0.6001,0.79314,1.41,0.7991,0.5408,0.7778
2017,Vanderbilt,9,18.35,113.1,94.75,332.0,0.747,0.88454,0.08,0.6637,0.6502,0.5556
2017,Vermont,13,11.94,110.97,99.03,65.0,0.4146,0.78745,0.86,0.8672,0.5082,1.0
2017,Villanova,1,29.38,122.9,93.52,55.0,0.7132,0.958605,11.04,0.6933,0.6068,0.8333
2017,Virginia,5,24.62,112.52,87.9,303.0,0.7497,0.944798,4.96,0.6319,0.5744,0.6111
2017,Virginia Tech,9,15.59,119.04,103.45,18.0,0.682,0.834062,3.3,0.6708,0.4076,0.5556
2017,West Virginia,4,25.74,116.02,90.28,184.0,0.7004,0.947086,6.35,0.6581,0.3998,0.6667
2017,Wichita State,10,24.86,118.06,93.19,192.0,0.5384,0.93817,4.18,0.8152,0.4848,0.9444
2017,Winthrop,13,4.1,106.27,102.17,35.0,0.3424,0.611173,-1.67,0.8953,0.4315,0.8333
2017,Wisconsin,8,22.24,115.33,93.09,119.0,0.7095,0.921576,5.12,0.6627,0.5191,0.6667
2017,Xavier,11,17.4,116.27,98.87,85.0,0.7477,0.865798,1.55,0.6525,0.6337,0.5
2018,Alabama,9,12.46,108.19,95.73,101.0,0.7507,0.803248,-1.13,0.6805,0.5898,0.4444
2018,Arizona,4,16.46,117.19,100.73,30.0,0.6506,0.850795,3.79,0.7734,0.572,0.7778
2018,Arkansas,7,16.18,117.0,100.82,53.0,0.7246,0.847102,2.8,0.6871,0.5613,0.5556
2018,Auburn,4,17.05,114.3,97.25,24.0,0.674,0.864992,4.27,0.7371,0.4831,0.7222
2018,Bucknell,14,6.76,108.52,101.75,112.0,0.4215,0.676981,-3.0,0.8613,0.617,0.8889
2018,Buffalo,13,11.79,114.86,103.07,104.0,0.4993,0.776582,-1.29,0.8465,0.5425,0.8333
2018,Butler,10,20.76,116.43,95.67,282.0,0.7348,0.905371,1.72,0.6382,0.5383,0.5
2018,Cal State Fullerton,15,-0.8,101.97,102.77,14.0,0.4505,0.477497,-5.45,0.8614,0.4745,0.625
2018,Cincinnati,2,24.24,112.11,87.87,146.0,0.5809,0.942751,5.97,0.7804,0.4598,0.8889
2018,Clemson,5,19.44,112.88,93.45,75.0,0.7056,0.897827,3.96,0.675,0.5003,0.6111
2018,College of Charleston,13,2.5,107.04,104.54,3.0,0.3926,0.567462,-2.1,0.8906,0.293,0.7778
2018,Creighton,8,18.83,116.56,97.73,211.0,0.6785,0.883495,2.05,0.6797,0.4325,0.5556
2018,Davidson,12,14.6,117.32,102.72,327.0,0.5559,0.821729,-2.84,0.8085,0.5217,0.7222
2018,Duke,2,29.36,122.68,93.33,267.0,0.7222,0.958727,6.64,0.6824,0.6038,0.7222
2018,Florida,6,21.34,115.59,94.24,331.0,0.7309,0.912731,1.41,0.6768,0.6059,0.6111
2018,Florida State,9,21.34,115.59,94.24,331.0,0.7309,0.912731,1.41,0.6768,0.6059,0.6111
2018,Georgia State,15,7.29,109.11,101.82,240.0,0.4247,0.688839,-5.06,0.8919,0.3659,0.6667
2018,Gonzaga,4,22.36,117.59,95.22,69.0,0.5511,0.918789,4.86,0.7925,0.5725,0.9444
2018,Houston,6,20.88,115.21,94.33,210.0,0.582,0.908816,2.47,0.7733,0.4592,0.7778
2018,Iona,15,1.29,109.24,107.95,114.0,0.4507,0.534126,-7.26,0.8654,0.5441,0.6111
2018,Kansas State,9,15.8,109.82,94.02,38.0,0.6991,0.856488,2.53,0.6788,0.4197,0.5556
2018,Kansas#,1,25.79,122.49,96.7,39.0,0.7759,0.938117,8.17,0.635,0.6101,0.7222
2018,Kentucky,5,20.15,116.15,96.0,106.0,0.7547,0.899495,4.3,0.6787,0.6311,0.5556
2018,Lipscomb,15,1.47,103.57,102.1,36.0,0.3822,0.541102,-3.15,0.8502,0.4702,0.7143
2018,Loyola–Chicago,11,15.06,110.79,95.73,10.0,0.5556,0.842923,1.99,0.812,0.3776,0.8333
2018,Marshall,13,5.76,108.8,103.03,18.0,0.4994,0.651549,-2.51,0.8237,0.3598,0.6667
2018,Miami (FL),6,16.71,113.54,96.83,85.0,0.6669,0.861807,2.69,0.7121,0.4609,0.6111
2018,Michigan,3,24.03,114.75,90.71,46.0,0.6915,0.937185,6.88,0.6677,0.4146,0.7222
2018,Michigan State,3,24.52,119.18,94.66,43.0,0.6614,0.93397,7.97,0.7278,0.4484,0.8889
2018,Missouri,8,15.04,111.42,96.38,178.0,0.7049,0.841222,0.45,0.7083,0.5251,0.5556
2018,Montana,14,8.29,107.04,98.75,57.0,0.4333,0.716487,-1.12,0.8627,0.4461,0.8889
2018,Murray State,12,9.89,111.01,101.12,59.0,0.4048,0.745145,-0.38,0.8869,0.3971,0.8889
2018,NC State,9,14.29,116.03,101.73,86.0,0.6466,0.819317,0.87,0.71,0.3894,0.6111
2018,Nevada,7,16.1,119.12,103.02,22.0,0.6236,0.84151,2.49,0.7811,0.5887,0.8333
2018,New Mexico State,12,11.72,107.15,95.43,34.0,0.452,0.791228,1.35,0.8571,0.4889,0.8571
2018,North Carolina,2,23.56,120.96,97.4,89.0,0.7613,0.923558,7.12,0.6167,0.6664,0.6111
2018,Ohio State,5,21.66,116.29,94.63,135.0,0.7023,0.91455,4.51,0.6932,0.5405,0.8333
2018,Oklahoma,10,15.09,114.88,99.79,116.0,0.7464,0.834706,1.08,0.6496,0.5603,0.4444
2018,Penn,16,6.07,104.05,97.98,130.0,0.4161,0.666205,-3.29,0.883,0.4122,0.8571
2018,Providence,10,12.46,108.77,96.31,21.0,0.7303,0.802027,1.96,0.6526,0.5112,0.5556
2018,Purdue,2,27.49,123.56,96.06,133.0,0.7008,0.947566,7.63,0.6886,0.5416,0.8333
2018,Radford,16,-1.41,101.76,103.17,47.0,0.3834,0.460395,-6.49,0.8681,0.4526,0.6667
2018,Rhode Island,7,12.34,109.97,97.63,9.0,0.5994,0.797163,1.62,0.7869,0.597,0.8333
2018,San Diego State,11,15.31,110.45,95.15,320.0,0.5663,0.84752,-1.57,0.8044,0.4646,0.6111
2018,Seton Hall,8,19.65,118.2,98.55,162.0,0.7257,0.89,2.5,0.6641,0.5319,0.5556
2018,South Dakota State,12,12.89,114.17,101.28,77.0,0.4506,0.798531,0.64,0.8505,0.4485,0.9286
2018,St. Bonaventure,11,9.89,109.91,100.03,1.0,0.5744,0.747239,1.43,0.8013,0.5272,0.7778
2018,Stephen F. Austin,14,7.11,104.7,97.59,118.0,0.3197,0.691766,-1.83,0.9022,0.3277,0.7778
2018,Syracuse,11,13.9,106.3,92.4,84.0,0.7134,0.833607,-0.42,0.6833,0.5502,0.4444
2018,TCU,6,18.98,119.77,100.79,190.0,0.7237,0.87912,2.19,0.6841,0.5205,0.5
2018,Tennessee,3,22.12,114.54,92.43,120.0,0.7449,0.921802,6.39,0.6752,0.645,0.7222
2018,Texas,10,15.55,109.64,94.09,152.0,0.7441,0.853068,1.35,0.635,0.5647,0.4444
2018,Texas A&M,7,16.48,111.53,95.05,73.0,0.748,0.862776,1.93,0.6514,0.6175,0.5
2018,Texas Southern,16,-7.61,105.0,112.6,275.0,0.3956,0.309127,-10.86,0.8058,0.8046,0.6667
2018,Texas Tech,3,21.26,113.08,91.81,80.0,0.7132,0.916494,4.67,0.656,0.4407,0.6111
2018,UMBC,16,-0.07,102.47,102.54,20.0,0.3873,0.498076,-4.82,0.8693,0.35,0.75
2018,UNC Greensboro,13,8.22,103.7,95.48,108.0,0.3823,0.720953,-1.54,0.8728,0.3483,0.8333
2018,Villanova,1,34.31,128.73,94.42,81.0,0.7577,0.972465,10.63,0.6536,0.6033,0.7778
2018,Virginia,1,27.88,115.02,87.14,32.0,0.7086,0.960542,11.26,0.7017,0.5547,0.9444
2018,Virginia Tech,8,16.57,115.5,98.94,159.0,0.6442,0.855758,1.34,0.7001,0.3639,0.5556
2018,West Virginia,5,25.0,121.16,96.16,252.0,0.7077,0.934451,4.58,0.6626,0.4468,0.6111
2018,Wichita State,4,18.23,121.26,103.03,70.0,0.6243,0.866895,3.41,0.7609,0.5687,0.7778
2018,Wright State,14,2.21,99.71,97.5,23.0,0.4074,0.563992,-3.49,0.877,0.4636,0.7778
2018,Xavier,1,23.67,121.33,97.66,16.0,0.7236,0.923828,8.8,0.6866,0.5769,0.8333
2019,Abilene Christian,15,0.42,102.01,101.58,24.0,0.2844,0.511969,-2.47,0.9114,0.2763,0.7778
2019,Arizona State,11,10.89,109.57,98.69,43.0,0.6298,0.769126,0.23,0.7809,0.5399,0.6667
2019,Auburn,5,25.61,122.02,96.41,139.0,0.7365,0.93756,6.12,0.6497,0.5384,0.6111
2019,Baylor,9,14.96,115.36,100.4,108.0,0.7058,0.831606,0.95,0.6592,0.4568,0.5556
2019,Belmont,11,13.89,115.92,102.03,68.0,0.4473,0.812675,1.37,0.8489,0.5212,0.8889
2019,Bradley,15,0.59,102.13,101.54,113.0,0.4672,0.516741,-7.62,0.8693,0.4069,0.5
2019,Buffalo,6,18.14,114.54,96.39,12.0,0.565,0.879049,5.75,0.8154,0.4957,0.8889
2019,Cincinnati,7,18.18,113.15,94.97,30.0,0.6402,0.882227,5.91,0.7504,0.4842,0.7778
2019,Colgate,15,3.81,110.23,106.42,90.0,0.4135,0.599675,-4.11,0.8749,0.4659,0.7222
2019,Duke,1,29.26,119.64,90.38,36.0,0.7399,0.961776,11.21,0.6164,0.6154,0.7778
2019,Fairleigh Dickinson,16,-5.5,105.7,111.2,116.0,0.3147,0.358163,-9.15,0.9088,0.3831,0.6667
2019,Florida,10,18.28,111.13,92.85,297.0,0.7454,0.887631,0.64,0.6414,0.6275,0.5
2019,Florida State,4,20.45,112.5,92.05,14.0,0.7088,0.909478,7.67,0.6673,0.5445,0.7222
2019,Gardner–Webb,16,-0.49,107.08,107.58,39.0,0.3883,0.486812,-4.86,0.8606,0.3466,0.625
2019,Georgia State,14,5.5,107.74,102.24,4.0,0.529,0.646287,-1.1,0.832,0.545,0.7222
2019,Gonzaga,1,33.35,124.36,91.01,195.0,0.6041,0.973168,7.15,0.7603,0.5601,1.0
2019,Houston,3,24.97,116.59,91.62,71.0,0.6245,0.941114,7.93,0.7676,0.4597,0.8889
2019,Iona,16,-3.33,106.35,109.68,221.0,0.3811,0.412299,-10.19,0.8879,0.5125,0.6667
2019,Iowa,10,14.98,116.82,101.84,15.0,0.7062,0.82897,3.19,0.6667,0.4152,0.5
2019,Iowa State,6,21.32,119.13,97.81,219.0,0.721,0.906171,4.29,0.6672,0.5072,0.5
2019,Kansas,4,20.06,113.73,93.68,11.0,0.7929,0.903013,8.33,0.6142,0.7124,0.6667
2019,Kansas State,4,19.8,108.78,88.97,92.0,0.7179,0.90979,6.56,0.6779,0.5192,0.7778
2019,Kentucky,2,27.29,118.26,90.97,104.0,0.7225,0.953347,8.76,0.6498,0.5582,0.8333
2019,LSU,3,20.84,118.69,97.85,5.0,0.717,0.90204,7.34,0.6832,0.5824,0.8889
2019,Liberty,12,9.62,110.2,100.57,58.0,0.3929,0.74092,-0.43,0.8728,0.3552,0.875
2019,Louisville,7,19.44,113.71,94.27,276.0,0.7222,0.896246,2.31,0.6459,0.6047,0.5556
2019,Marquette,5,15.53,112.58,97.04,102.0,0.6606,0.846509,2.81,0.7553,0.533,0.6667
2019,Maryland,6,17.89,112.4,94.51,72.0,0.7187,0.880077,4.18,0.6612,0.4471,0.65
2019,Michigan,2,28.55,115.32,86.77,201.0,0.7214,0.963441,9.18,0.6606,0.4463,0.75
2019,Michigan State,2,28.35,120.61,92.26,56.0,0.7678,0.956115,10.64,0.6145,0.5876,0.8
2019,Minnesota,10,13.6,111.11,97.51,17.0,0.7428,0.817817,2.68,0.6379,0.4762,0.45
2019,Mississippi State,5,19.7,117.69,97.98,150.0,0.7262,0.891592,4.55,0.6807,0.5866,0.5556
2019,Montana,15,3.2,107.34,104.14,54.0,0.3672,0.586121,-3.01,0.8904,0.4912,0.8
2019,Murray State,12,11.84,111.46,99.62,32.0,0.4128,0.784381,1.35,0.8663,0.4046,0.8889
2019,Nevada,7,16.57,113.52,96.95,41.0,0.5581,0.859858,4.12,0.8365,0.5691,0.8333
2019,New Mexico State,12,13.67,112.86,99.19,78.0,0.4185,0.815328,1.63,0.8819,0.3978,0.9375
2019,North Carolina,1,28.2,120.82,92.62,93.0,0.7379,0.95508,9.98,0.633,0.6128,0.8889
2019,North Dakota State,16,-2.28,107.7,109.98,136.0,0.4307,0.440177,-8.4,0.8486,0.4796,0.5625
2019,Northeastern,13,6.66,110.19,103.53,84.0,0.494,0.671867,-2.58,0.8437,0.6555,0.7778
2019,Northern Kentucky,14,6.52,108.87,102.35,73.0,0.4274,0.670505,-2.03,0.8689,0.3904,0.7222
2019,Ohio State,11,13.57,108.59,95.03,94.0,0.7342,0.822664,0.85,0.6489,0.4966,0.4
2019,Oklahoma,9,16.95,111.25,94.3,143.0,0.7887,0.870014,2.53,0.632,0.6974,0.3889
2019,Old Dominion,14,4.56,100.22,95.65,7.0,0.4747,0.630852,-1.57,0.8684,0.4298,0.7222
2019,Ole Miss,8,15.0,114.03,99.03,172.0,0.6908,0.835122,0.95,0.7063,0.508,0.5556
2019,Oregon,12,16.2,108.97,92.77,282.0,0.6339,0.864281,-0.97,0.7635,0.5434,0.5556
2019,Purdue,3,27.92,123.49,95.57,245.0,0.7633,0.950127,6.1,0.6313,0.603,0.8
2019,Saint Louis,13,5.62,102.33,96.71,60.0,0.5468,0.656844,-2.96,0.8148,0.4946,0.5556
2019,Saint Mary's,11,16.7,114.12,97.41,311.0,0.5881,0.860571,-0.6,0.7704,0.5197,0.6875
2019,Seton Hall,10,10.7,108.77,98.07,74.0,0.6954,0.76684,-0.29,0.7274,0.5863,0.5
2019,Syracuse,8,15.9,111.28,95.38,257.0,0.6989,0.854785,0.51,0.6943,0.5502,0.5556
2019,Tennessee,2,27.02,123.52,96.5,31.0,0.7012,0.944741,9.83,0.6647,0.5104,0.8333
2019,Texas Tech,3,29.52,115.93,86.42,191.0,0.7084,0.967037,7.01,0.6533,0.4432,0.7778
2019,UC Irvine,13,9.66,108.26,98.6,18.0,0.4216,0.745539,0.93,0.8749,0.4989,0.9375
2019,UCF,9,19.2,113.59,94.39,205.0,0.6407,0.89372,2.17,0.7507,0.4685,0.7222
2019,Utah State,8,14.55,112.37,97.82,87.0,0.4993,0.83133,2.25,0.8334,0.4811,0.8333
2019,VCU,8,16.88,105.57,88.69,249.0,0.5681,0.881234,1.36,0.8154,0.6096,0.8889
2019,Vermont,13,9.19,108.16,98.96,115.0,0.3815,0.73529,-0.75,0.8824,0.5341,0.875
2019,Villanova,6,15.4,115.51,100.11,19.0,0.6995,0.83831,3.73,0.7286,0.6052,0.7222
2019,Virginia,1,32.67,123.77,91.1,21.0,0.7104,0.971383,11.09,0.6396,0.4878,0.8889
2019,Virginia Tech,4,24.09,118.63,94.54,176.0,0.661,0.931532,5.01,0.6863,0.4278,0.6667
2019,Washington,9,12.3,106.53,94.22,3.0,0.642,0.803966,3.29,0.7505,0.5768,0.8333
2019,Wisconsin,5,19.13,108.96,89.84,86.0,0.7495,0.901986,6.23,0.63,0.5596,0.7
2019,Wofford,7,19.15,117.31,98.15,52.0,0.4924,0.885958,4.18,0.8108,0.4622,1.0
2019,Yale,14,8.05,111.58,103.54,48.0,0.4872,0.702787,-0.7,0.8442,0.4372,0.7143
2021,Abilene Christian,14,6.88,100.54,93.66,83.0,0.311,0.693177,-1.06,0.8899,0.3332,0.8667
2021,Alabama,2,22.28,111.95,89.67,88.0,0.7724,0.927674,6.88,0.6776,0.6782,0.8889
2021,Arkansas,3,18.35,109.76,91.41,24.0,0.6936,0.891223,4.56,0.6994,0.4012,0.7647
2021,BYU,6,18.96,112.95,93.98,82.0,0.6568,0.892237,3.55,0.7037,0.5887,0.7692
2021,Baylor,1,31.97,124.88,92.92,27.0,0.6849,0.967708,6.69,0.6726,0.4198,0.9286
2021,Clemson,7,14.34,105.87,91.53,23.0,0.7551,0.842131,2.9,0.675,0.6666,0.625
2021,Cleveland State,15,-1.33,100.5,101.82,2.0,0.4292,0.462371,-2.67,0.8571,0.8455,0.8
2021,Colgate,14,10.04,110.43,100.39,64.0,0.3724,0.749442,0.37,0.9167,0.0,0.9167
2021,Colorado,5,23.19,115.69,92.5,204.0,0.7525,0.929107,4.87,0.6647,0.5323,0.7
2021,Creighton,5,18.96,112.59,93.63,100.0,0.7377,0.892866,3.25,0.684,0.4686,0.7
2021,Drake,11,10.15,110.74,100.59,3.0,0.4879,0.751383,1.78,0.8397,0.2508,0.8333
2021,Drexel,16,1.9,106.7,104.8,188.0,0.4205,0.551479,-4.48,0.8811,0.3609,0.4444
2021,Eastern Washington,14,8.33,109.48,101.15,274.0,0.4122,0.712971,-3.12,0.8617,0.6811,0.8
2021,Florida,7,15.82,110.22,94.4,149.0,0.7548,0.85588,1.18,0.6664,0.6144,0.5625
2021,Florida State,4,22.16,115.21,93.05,217.0,0.7338,0.921083,2.39,0.6991,0.573,0.7333
2021,Georgetown,12,13.96,108.67,94.71,242.0,0.7689,0.829412,-1.1,0.6621,0.5799,0.4375
2021,Georgia Tech,9,17.61,113.78,96.18,155.0,0.7157,0.873614,1.85,0.6951,0.4617,0.6471
2021,Gonzaga,1,34.97,125.91,90.94,51.0,0.6627,0.976841,8.5,0.7149,0.5516,1.0
2021,Grand Canyon,15,7.25,104.4,97.15,226.0,0.3989,0.695958,-2.87,0.886,0.3457,0.75
2021,Hartford,16,-2.06,97.08,99.15,117.0,0.3571,0.439881,-4.87,0.8718,0.4818,0.5714
2021,Houston,2,27.86,119.13,91.27,189.0,0.6205,0.955375,4.05,0.7846,0.4443,0.8235
2021,Illinois,1,26.27,116.92,90.65,106.0,0.7925,0.949131,8.81,0.6019,0.6085,0.8
2021,Iona,15,1.92,100.87,98.95,199.0,0.3564,0.555024,-3.19,0.8985,0.4764,0.6667
2021,Iowa,2,26.24,123.43,97.19,211.0,0.7421,0.939826,5.49,0.6342,0.3977,0.7
2021,Kansas,3,17.17,108.75,91.58,28.0,0.7244,0.87829,4.34,0.6477,0.5739,0.6667
2021,LSU,8,20.27,119.79,99.53,171.0,0.7296,0.893923,2.26,0.6656,0.4796,0.6471
2021,Liberty,13,7.81,109.02,101.21,159.0,0.3137,0.701654,-1.68,0.9047,0.3371,0.8462
2021,Loyola Chicago,8,20.47,109.66,89.2,176.0,0.5242,0.914955,1.85,0.8183,0.383,0.8889
2021,Maryland,10,17.02,111.89,94.87,229.0,0.7517,0.869681,0.06,0.6356,0.3978,0.45
2021,Michigan,1,25.96,116.56,90.6,69.0,0.7802,0.947704,7.06,0.6411,0.5258,0.8235
2021,Missouri,9,15.59,111.16,95.56,87.0,0.7763,0.850481,2.08,0.6647,0.6919,0.5
2021,Morehead State,14,2.14,100.13,97.99,9.0,0.4097,0.561708,-1.93,0.8653,0.5354,0.85
2021,Norfolk State,16,-4.01,98.21,102.23,65.0,0.3012,0.386816,-5.04,0.9132,0.3456,0.6667
2021,North Carolina,8,16.03,109.07,93.04,91.0,0.7541,0.861525,2.44,0.6495,0.6152,0.625
2021,North Texas,13,9.55,105.73,96.19,145.0,0.5541,0.748053,-2.42,0.7919,0.4637,0.6429
2021,Ohio,13,10.93,110.55,99.62,173.0,0.5246,0.768019,-1.99,0.8164,0.3834,0.6429
2021,Ohio State,2,23.09,120.41,97.32,141.0,0.7853,0.920443,6.0,0.6136,0.5287,0.6
2021,Oklahoma,8,15.97,111.73,95.76,156.0,0.7158,0.854859,0.3,0.6595,0.497,0.5294
2021,Oklahoma State,4,16.24,108.5,92.26,8.0,0.7451,0.865857,4.85,0.6439,0.5676,0.6111
2021,Oral Roberts,15,3.52,107.8,104.28,119.0,0.4603,0.594226,-4.93,0.8186,0.545,0.6667
2021,Oregon,7,18.43,115.9,97.46,7.0,0.7495,0.879951,4.75,0.6664,0.5497,0.7778
2021,Oregon State,12,14.26,111.09,96.83,39.0,0.7423,0.829212,0.38,0.6449,0.3253,0.5
2021,Purdue,4,18.03,112.33,94.3,94.0,0.7815,0.882047,3.73,0.6393,0.5866,0.6842
2021,Rutgers,10,14.63,106.71,92.09,50.0,0.7932,0.84492,1.75,0.6067,0.4115,0.5
2021,San Diego State,6,19.74,111.25,91.51,157.0,0.5947,0.904305,3.08,0.8109,0.654,0.8235
2021,St. Bonaventure,9,16.51,109.76,93.25,109.0,0.6389,0.866975,1.89,0.7771,0.5187,0.7333
2021,Syracuse,11,16.57,113.37,96.8,122.0,0.7286,0.860234,0.53,0.6846,0.5295,0.5625
2021,Tennessee,5,17.68,107.66,89.98,191.0,0.7157,0.887213,2.34,0.7018,0.4667,0.5882
2021,Texas,3,19.56,112.67,93.11,125.0,0.7349,0.899593,4.16,0.6789,0.6188,0.6471
2021,Texas Southern,16,-5.28,98.1,103.38,53.0,0.3317,0.35373,-4.35,0.864,0.6198,0.7692
2021,Texas Tech,6,20.05,111.95,91.9,282.0,0.6746,0.906326,0.93,0.6725,0.399,0.5294
2021,UC Santa Barbara,12,10.87,108.39,97.51,80.0,0.4308,0.77134,0.12,0.877,0.431,0.8333
2021,UCLA,11,20.38,115.95,95.57,68.0,0.7858,0.902253,2.64,0.6247,0.6754,0.6842
2021,UConn,7,20.59,114.09,93.5,266.0,0.7383,0.907896,2.04,0.6845,0.4743,0.6471
2021,UNC Greensboro,13,4.37,101.92,97.55,44.0,0.4752,0.623365,-3.36,0.8795,0.3875,0.7222
2021,USC,6,23.8,114.31,90.51,136.0,0.772,0.936096,5.54,0.653,0.6032,0.75
2021,Utah State,11,13.97,104.32,90.36,264.0,0.5523,0.839272,-1.13,0.8168,0.5146,0.7895
2021,VCU,10,14.15,104.49,90.33,102.0,0.6366,0.842082,1.02,0.7787,0.5801,0.7143
2021,Villanova,5,21.66,118.46,96.8,144.0,0.758,0.910698,3.06,0.6822,0.6359,0.7333
2021,Virginia,4,19.23,113.72,94.49,112.0,0.7001,0.893841,3.52,0.6957,0.4553,0.7647
2021,Virginia Tech,10,14.51,109.48,94.97,130.0,0.6648,0.836793,0.89,0.7569,0.4866,0.6923
2021,West Virginia,3,19.67,116.15,96.48,163.0,0.7604,0.894094,3.02,0.6648,0.7452,0.6471
2021,Winthrop,12,7.57,104.66,97.09,12.0,0.3349,0.703293,0.99,0.9301,0.515,0.9444
2021,Wisconsin,9,21.16,112.51,91.35,281.0,0.7796,0.916554,2.06,0.606,0.502,0.5
2022,Akron,13,3.8,105.47,101.67,125.0,0.3827,0.604065,-4.27,0.8944,0.3309,0.7
2022,Alabama,6,16.9,115.16,98.27,183.0,0.7714,0.861146,1.95,0.6505,0.7343,0.5
2022,Arizona,1,24.3,118.04,93.73,22.0,0.648,0.934068,8.75,0.7375,0.5133,0.9
2022,Arkansas,4,18.01,108.7,90.69,39.0,0.6991,0.88928,4.46,0.7037,0.5004,0.7222
2022,Auburn,2,21.66,111.67,90.01,68.0,0.7033,0.922703,7.41,0.7259,0.6224,0.8333
2022,Baylor,1,26.46,117.78,91.33,108.0,0.7187,0.949099,8.9,0.6482,0.5065,0.7778
2022,Boise State,8,14.65,107.59,92.93,41.0,0.6238,0.843414,3.49,0.7823,0.5016,0.8333
2022,Cal State Fullerton,15,-1.16,101.96,103.12,19.0,0.4076,0.467396,-5.05,0.881,0.3699,0.7059
2022,Chattanooga,13,10.04,107.3,97.25,49.0,0.4971,0.755899,0.2,0.8533,0.4586,0.7778
2022,Colgate,14,3.8,106.99,103.2,277.0,0.3472,0.602385,-6.11,0.8975,0.4965,0.8889
2022,Colorado State,6,13.76,111.85,98.1,5.0,0.6106,0.818983,4.3,0.7801,0.4432,0.7778
2022,Creighton,9,12.68,104.81,92.14,32.0,0.7021,0.814914,1.71,0.708,0.5197,0.6316
2022,Davidson,10,14.67,115.79,101.11,69.0,0.537,0.826135,2.13,0.8305,0.4431,0.8333
2022,Delaware,15,3.37,106.51,103.14,97.0,0.4743,0.59136,-5.45,0.8636,0.4042,0.5556
2022,Duke,2,26.73,122.72,95.99,106.0,0.6896,0.944019,7.18,0.6977,0.46,0.8
2022,Georgia State,16,3.49,101.91,98.42,187.0,0.4392,0.598838,-5.14,0.8686,0.3959,0.6429
2022,Gonzaga,1,30.42,120.31,89.89,176.0,0.5998,0.966178,6.71,0.7389,0.4933,0.9286
2022,Houston,5,28.04,116.54,88.5,234.0,0.6692,0.959522,6.16,0.7441,0.5603,0.8333
2022,Illinois,4,18.96,111.93,92.97,109.0,0.7304,0.89419,4.14,0.6813,0.5396,0.75
2022,Indiana,12,16.06,107.68,91.61,268.0,0.6952,0.865051,0.21,0.7018,0.428,0.45
2022,Iowa,5,23.91,121.11,97.21,283.0,0.6694,0.926134,4.52,0.7211,0.4031,0.6
2022,Iowa State,11,13.35,101.75,88.39,21.0,0.7078,0.834516,2.82,0.6339,0.4134,0.3889
2022,Jacksonville State,15,2.31,104.51,102.21,158.0,0.3924,0.563872,-5.22,0.8852,0.4123,0.8125
2022,Kansas,1,28.52,119.79,91.27,56.0,0.7797,0.957996,10.4,0.6324,0.6265,0.7778
2022,Kentucky,2,23.97,119.37,95.4,102.0,0.6729,0.929397,6.86,0.6795,0.4802,0.7778
2022,LSU,6,16.66,106.31,89.65,202.0,0.6891,0.876497,2.28,0.6978,0.513,0.5
2022,Longwood,14,0.47,104.97,104.5,37.0,0.3205,0.512883,-3.26,0.9065,0.2673,0.875
2022,Loyola Chicago,10,14.6,106.91,92.32,118.0,0.5627,0.843963,1.76,0.8088,0.5251,0.7222
2022,Marquette,9,11.15,107.7,96.55,44.0,0.7112,0.778475,0.54,0.7015,0.5945,0.5789
2022,Memphis,9,19.82,112.45,92.63,296.0,0.6936,0.902914,1.35,0.7207,0.6271,0.7222
2022,Miami (FL),10,15.68,113.56,97.88,28.0,0.7027,0.846715,2.57,0.7041,0.5272,0.7
2022,Michigan,11,17.65,113.89,96.24,253.0,0.7681,0.873968,0.15,0.6429,0.6441,0.55
2022,Michigan State,7,15.01,111.62,96.61,40.0,0.74,0.840399,2.88,0.6671,0.5989,0.55
2022,Montana State,14,1.1,103.58,102.48,12.0,0.3487,0.53069,-2.83,0.9075,0.397,0.8
2022,Murray State,7,13.83,110.04,96.21,13.0,0.4185,0.824132,3.51,0.8719,0.4547,1.0
2022,New Mexico State,12,9.98,106.0,96.02,20.0,0.5018,0.757206,0.7,0.8464,0.4615,0.7647
2022,Norfolk State,16,-2.24,100.71,102.94,24.0,0.2635,0.437183,-3.06,0.9176,0.3214,0.8571
2022,North Carolina,8,20.98,114.43,93.45,67.0,0.7206,0.911242,4.25,0.6691,0.5955,0.75
2022,Notre Dame,11,16.07,112.78,96.71,85.0,0.6649,0.854199,1.85,0.717,0.5146,0.75
2022,Ohio State,7,16.94,115.45,98.52,172.0,0.7277,0.861098,1.32,0.6912,0.5759,0.6
2022,Providence,4,15.94,111.43,95.48,2.0,0.6824,0.855176,5.87,0.73,0.5446,0.8235
2022,Purdue,3,24.06,121.59,97.52,101.0,0.7055,0.92664,7.0,0.6997,0.4839,0.7
2022,Richmond,12,7.89,106.95,99.06,17.0,0.6309,0.707133,-1.65,0.7887,0.5804,0.5556
2022,Saint Mary's,5,19.31,109.79,90.48,110.0,0.6333,0.902395,3.93,0.734,0.5686,0.8
2022,Saint Peter's,15,6.25,99.39,93.14,170.0,0.4779,0.678524,-5.57,0.8346,0.4884,0.7
2022,San Diego State,8,15.43,102.35,86.92,147.0,0.6509,0.86749,2.61,0.7577,0.5758,0.7647
2022,San Francisco,10,17.14,110.17,93.04,221.0,0.6076,0.874821,1.63,0.763,0.5523,0.625
2022,Seton Hall,8,11.96,105.4,93.45,30.0,0.68,0.799708,1.92,0.7174,0.5039,0.5789
2022,South Dakota State,13,10.59,114.07,103.48,26.0,0.401,0.754077,1.48,0.888,0.5051,1.0
2022,TCU,9,16.53,108.6,92.07,93.0,0.7252,0.869747,2.92,0.6329,0.4374,0.4444
2022,Tennessee,3,24.16,111.25,87.09,164.0,0.7253,0.943542,7.95,0.6635,0.5971,0.7778
2022,Texas,6,21.01,112.5,91.49,216.0,0.6949,0.915113,3.35,0.6377,0.4014,0.5556
2022,Texas Southern,16,-2.19,96.28,98.47,115.0,0.3709,0.435574,-6.77,0.8641,0.6844,0.7222
2022,Texas Tech,3,25.1,110.51,85.41,241.0,0.6952,0.950875,6.57,0.6399,0.3922,0.6667
2022,UAB,12,12.7,111.82,99.12,134.0,0.475,0.800066,-0.11,0.8513,0.4108,0.7778
2022,UCLA,4,23.59,115.83,92.25,198.0,0.6877,0.932034,5.05,0.719,0.5713,0.75
2022,UConn,5,17.3,113.19,95.89,136.0,0.6599,0.870722,3.07,0.7286,0.4554,0.6842
2022,USC,7,12.44,108.62,96.18,6.0,0.6334,0.802029,4.08,0.7559,0.443,0.7
2022,Vermont,13,12.35,109.68,97.33,207.0,0.344,0.798041,-0.78,0.9068,0.4917,0.9444
2022,Villanova,2,24.18,117.16,92.99,70.0,0.7441,0.934495,7.27,0.66,0.6494,0.8
2022,Virginia Tech,11,20.35,115.56,95.21,316.0,0.6826,0.902735,1.73,0.7084,0.5093,0.55
2022,Wisconsin,3,15.28,108.68,93.4,3.0,0.7281,0.85097,6.45,0.6862,0.5848,0.75
2022,Wright State,16,-1.42,104.81,106.23,130.0,0.3762,0.461263,-8.4,0.8988,0.4526,0.6818
2022,Yale,14,1.54,99.39,97.86,94.0,0.4544,0.544712,-4.87,0.8442,0.4783,0.7857
2023,Alabama,1,27.05,116.08,89.03,72.55,0.7389,0.954844,10.19,0.6615,0.7037,0.8889
2023,Arizona,2,23.94,119.35,95.41,72.17,0.6875,0.929198,7.57,0.7067,0.5895,0.7
2023,Arizona State,11,13.43,108.41,94.98,68.09,0.6903,0.820654,1.23,0.7106,0.549,0.55
2023,Arkansas,8,18.56,111.9,93.35,69.51,0.7184,0.88943,0.38,0.6734,0.5925,0.4444
2023,Auburn,9,18.22,113.13,94.91,67.6,0.7111,0.882887,1.05,0.6816,0.5986,0.5556
2023,Baylor,3,21.08,121.69,100.61,66.88,0.742,0.899157,5.24,0.6345,0.5555,0.6111
2023,Boise State,10,14.55,110.11,95.56,66.28,0.6472,0.836146,2.15,0.7579,0.5101,0.7222
2023,Charleston,12,11.73,109.41,97.69,70.97,0.3968,0.786473,1.66,0.9004,0.44,0.8889
2023,Colgate,15,6.33,112.47,106.14,67.45,0.352,0.660704,-3.65,0.9027,0.4487,0.9444
2023,Creighton,6,21.76,115.0,93.25,67.68,0.7318,0.917712,2.16,0.6684,0.6316,0.7
2023,Drake,12,13.2,108.84,95.64,66.3,0.4714,0.815527,-0.69,0.8734,0.444,0.75
2023,Duke,5,20.37,113.3,92.93,64.87,0.6744,0.907161,4.5,0.7249,0.5563,0.7
2023,Fairleigh Dickinson,16,-8.55,106.13,114.68,68.62,0.2639,0.290856,-12.19,0.9235,0.3046,0.625
2023,Florida Atlantic,9,18.26,114.02,95.77,67.46,0.5445,0.881503,4.72,0.8115,0.3702,0.9
2023,Furman,13,7.94,112.7,104.76,68.24,0.4063,0.698414,-1.99,0.8843,0.3713,0.8333
2023,Gonzaga,3,24.18,123.17,98.99,70.12,0.6621,0.925079,6.64,0.7129,0.6116,0.875
2023,Grand Canyon,14,5.39,111.35,105.96,64.86,0.5042,0.638816,-3.76,0.8537,0.4185,0.5882
2023,Houston,1,27.04,117.31,90.27,63.36,0.6239,0.953162,8.05,0.7582,0.531,0.9444
2023,Howard,16,-3.59,102.68,106.27,69.02,0.3515,0.402507,-7.32,0.8959,0.4182,0.7857
2023,Illinois,9,13.54,108.91,95.36,69.77,0.6741,0.82158,0.89,0.6937,0.4283,0.55
2023,Indiana,4,16.22,113.08,96.87,67.85,0.7175,0.855724,3.43,0.6691,0.4844,0.6
2023,Iona,13,12.05,110.31,98.26,68.53,0.4334,0.790819,-1.65,0.8829,0.6281,0.85
2023,Iowa,8,16.0,119.89,103.89,69.55,0.7091,0.838524,0.35,0.6886,0.4953,0.55
2023,Iowa State,6,16.16,107.02,90.86,64.0,0.7347,0.867868,2.41,0.6317,0.4986,0.5
2023,Kansas,1,21.52,113.79,92.27,69.03,0.7766,0.917671,10.07,0.6239,0.646,0.7222
2023,Kansas State,3,17.94,112.62,94.68,69.8,0.7165,0.880342,4.24,0.6831,0.4583,0.6111
2023,Kennesaw State,14,5.26,105.61,100.34,68.42,0.4436,0.642822,-1.43,0.8589,0.4461,0.8333
2023,Kent State,13,10.02,106.99,96.97,67.79,0.4501,0.756061,0.82,0.8533,0.4675,0.8333
2023,Kentucky,6,17.91,115.65,97.74,65.77,0.6791,0.873781,1.61,0.6972,0.5425,0.6667
2023,Louisiana,13,9.17,110.76,101.59,68.35,0.4625,0.729901,-0.53,0.8534,0.3788,0.7222
2023,Marquette,2,22.68,118.71,96.03,68.38,0.694,0.919697,7.83,0.6931,0.5212,0.85
2023,Maryland,8,16.86,112.62,95.76,64.33,0.6847,0.865842,1.01,0.6906,0.4567,0.55
2023,Memphis,8,20.34,115.35,95.01,71.0,0.6787,0.903011,4.72,0.7217,0.642,0.7222
2023,Miami (FL),5,18.27,119.14,100.87,68.65,0.6621,0.871491,3.66,0.7197,0.4863,0.75
2023,Michigan State,7,17.98,114.42,96.44,64.59,0.7742,0.87713,2.43,0.6443,0.6349,0.5789
2023,Missouri,7,13.0,117.46,104.46,68.93,0.6528,0.793899,3.52,0.7144,0.4458,0.6111
2023,Montana State,14,6.95,105.15,98.2,66.25,0.4471,0.68712,-2.7,0.8673,0.4956,0.8333
2023,North Carolina State,11,14.47,113.62,99.16,69.23,0.6374,0.827211,1.13,0.75,0.4505,0.6
2023,Northern Kentucky,16,1.24,102.59,101.35,61.92,0.4082,0.534872,-6.68,0.8811,0.4963,0.7
2023,Northwestern,7,16.31,109.74,93.43,64.51,0.7028,0.864209,1.6,0.6994,0.4547,0.6
2023,Oral Roberts,12,10.12,111.76,101.64,70.19,0.3668,0.748734,1.6,0.8696,0.4307,1.0
2023,Penn State,10,16.78,117.47,100.7,64.29,0.7154,0.854751,1.33,0.6875,0.4456,0.5
2023,Pittsburgh,11,11.5,113.11,101.61,67.25,0.6246,0.77427,-0.25,0.7526,0.4833,0.7
2023,Princeton,15,8.1,109.11,101.01,66.95,0.4691,0.708295,-3.19,0.8605,0.3428,0.7143
2023,Providence,11,13.78,114.94,101.16,66.83,0.6433,0.812821,1.35,0.7003,0.3724,0.65
2023,Purdue,1,24.16,117.87,93.71,63.93,0.7028,0.933257,9.39,0.6975,0.546,0.75
2023,Saint Mary's,5,21.58,112.06,90.48,61.9,0.6476,0.921255,3.4,0.7597,0.598,0.875
2023,San Diego State,5,21.25,110.77,89.53,65.69,0.7083,0.920477,5.65,0.7142,0.6335,0.8333
2023,TCU,6,17.05,111.68,94.63,69.68,0.6969,0.870459,2.24,0.6645,0.3971,0.5
2023,Tennessee,4,23.68,111.21,87.53,65.15,0.69,0.940128,2.81,0.706,0.5704,0.6111
2023,Texas,2,24.3,116.06,91.76,68.48,0.7435,0.937109,7.54,0.6523,0.5248,0.6667
2023,Texas A&M,7,18.17,113.84,95.67,65.99,0.664,0.880802,3.68,0.7218,0.4709,0.8333
2023,Texas A&M–Corpus Christi,16,24.3,116.06,91.76,68.48,0.7435,0.937109,7.54,0.6523,0.5248,0.6667
2023,UC Santa Barbara,14,4.3,110.03,105.73,64.44,0.4352,0.612535,-1.51,0.8888,0.3668,0.75
2023,UCLA,2,26.43,114.91,88.48,66.07,0.6961,0.952846,8.4,0.706,0.5269,0.9
2023,UConn,4,30.27,121.48,91.21,66.73,0.7066,0.96428,5.03,0.6781,0.5019,0.65
2023,UNC Asheville,15,-1.23,102.3,103.54,68.24,0.3819,0.465663,-1.86,0.8832,0.4034,0.8889
2023,USC,10,14.38,111.75,97.37,67.99,0.6816,0.829769,2.07,0.7174,0.5771,0.7
2023,Utah State,10,17.36,115.38,98.02,68.63,0.6613,0.867043,2.95,0.7765,0.5591,0.7222
2023,VCU,12,12.12,105.52,93.41,67.92,0.5508,0.80258,0.97,0.8326,0.5039,0.8333
2023,Vermont,15,7.26,109.72,102.46,64.49,0.4359,0.687296,-3.83,0.8607,0.5846,0.875
2023,Virginia,4,16.01,110.04,94.03,61.32,0.6407,0.859111,4.1,0.7539,0.5478,0.75
2023,West Virginia,9,19.8,117.25,97.45,68.42,0.7553,0.89349,1.46,0.6428,0.5743,0.3889
2023,Xavier,3,19.53,118.01,98.48,70.47,0.7093,0.889051,5.36,0.6784,0.5771,0.75
2024,Akron,14,3.2,105.17,101.97,65.78,0.4259,0.587989,-4.64,0.8746,0.5155,0.7222
2024,Alabama,4,23.58,126.06,102.48,72.35,0.7719,0.915401,3.31,0.6192,0.6764,0.7222
2024,Arizona,2,27.24,120.51,93.27,72.31,0.7278,0.950121,4.85,0.695,0.673,0.75
2024,Auburn,4,27.94,121.01,93.07,69.97,0.6889,0.953417,5.21,0.7236,0.5311,0.7222
2024,BYU,6,19.89,119.84,99.94,69.08,0.6656,0.889688,2.31,0.7047,0.4077,0.5556
2024,Baylor,3,21.59,122.55,100.96,65.84,0.7223,0.902824,4.47,0.6496,0.5215,0.6111
2024,Charleston,13,8.28,113.76,105.49,70.3,0.448,0.70452,-1.73,0.8797,0.4471,0.8333
2024,Clemson,6,20.25,117.65,97.4,66.28,0.7335,0.897763,1.04,0.6785,0.6048,0.55
2024,Colgate,14,-0.06,102.87,102.93,66.27,0.345,0.498459,-4.21,0.8802,0.5514,0.8889
2024,Colorado,10,19.68,118.3,98.62,67.69,0.6913,0.890167,1.68,0.7175,0.4836,0.65
2024,Colorado State,10,15.94,112.79,96.85,66.05,0.6469,0.852258,1.1,0.741,0.534,0.5556
2024,Creighton,3,24.62,121.68,97.06,66.73,0.7152,0.930859,4.39,0.6591,0.59,0.7
2024,Dayton,7,16.14,116.74,100.6,64.19,0.647,0.846961,2.32,0.7522,0.6334,0.7778
2024,Drake,10,14.67,114.77,100.1,67.93,0.5448,0.828222,1.62,0.8305,0.4198,0.8
2024,Duke,4,25.79,121.27,95.47,66.5,0.6918,0.939917,3.52,0.7058,0.5267,0.75
2024,Duquesne,11,9.97,107.01,97.04,66.15,0.6024,0.754858,-2.1,0.7949,0.4892,0.5556
2024,Florida,7,20.36,120.55,100.18,71.81,0.7042,0.893602,2.77,0.683,0.5521,0.6111
2024,Florida Atlantic,8,14.18,116.65,102.47,68.11,0.6196,0.816219,1.14,0.7883,0.6187,0.7778
2024,Gonzaga,5,24.48,123.55,99.07,68.83,0.5783,0.926883,2.39,0.7452,0.5764,0.875
2024,Grambling State,16,-7.48,98.94,106.41,64.84,0.3558,0.301996,-8.05,0.8451,0.556,0.7778
2024,Grand Canyon,12,12.38,111.2,98.82,68.33,0.4803,0.795411,1.45,0.8607,0.4551,0.85
2024,Houston,1,33.16,119.64,86.48,63.44,0.7131,0.976632,9.95,0.666,0.4976,0.8333
2024,Illinois,3,24.63,125.7,101.07,69.7,0.7155,0.924701,5.56,0.6643,0.4712,0.7
2024,Iowa State,2,25.94,113.61,87.67,67.35,0.6722,0.951709,6.27,0.6789,0.3747,0.7222
2024,James Madison,12,11.14,111.84,100.7,69.88,0.3954,0.769744,1.37,0.8831,0.3313,0.8333
2024,Kansas,4,19.52,113.75,94.22,69.01,0.7236,0.897125,3.77,0.6461,0.5486,0.5556
2024,Kentucky,3,20.07,122.73,102.66,72.51,0.6663,0.886297,2.79,0.7103,0.5023,0.7222
2024,Long Beach State,15,-2.54,105.12,107.66,71.56,0.4421,0.431685,-8.27,0.8678,0.4226,0.5
2024,Longwood,16,-1.44,104.12,105.57,66.85,0.3661,0.460483,-8.75,0.8914,0.2588,0.375
2024,Marquette,2,23.76,118.63,94.87,69.08,0.7421,0.928892,6.55,0.6264,0.6452,0.7
2024,McNeese,12,9.35,110.98,101.63,65.54,0.3128,0.733444,0.57,0.909,0.3971,0.9444
2024,Michigan State,9,19.84,113.33,93.48,65.36,0.748,0.901479,-0.19,0.6538,0.6008,0.5
2024,Mississippi State,8,16.76,112.26,95.51,67.15,0.7087,0.865174,0.59,0.6752,0.5171,0.4444
2024,Morehead State,14,3.6,107.47,103.87,64.32,0.3243,0.596845,-3.45,0.8829,0.4094,0.7778
2024,NC State,11,15.12,114.23,99.11,67.73,0.6982,0.836584,-0.42,0.6758,0.4193,0.45
2024,Nebraska,8,19.13,115.98,96.86,68.96,0.6804,0.8882,1.95,0.7131,0.4225,0.6
2024,Nevada,10,16.91,115.01,98.1,66.86,0.5894,0.861671,2.46,0.7764,0.4485,0.7222
2024,New Mexico,11,17.92,113.9,95.98,72.84,0.619,0.877406,1.48,0.7635,0.4587,0.5556
2024,North Carolina,1,24.92,119.19,94.27,70.49,0.7294,0.936851,6.99,0.6724,0.6247,0.85
2024,Northwestern,9,16.83,115.66,98.83,64.03,0.6827,0.85922,1.11,0.6815,0.365,0.6
2024,Oakland,14,4.27,108.86,104.59,66.59,0.4705,0.613171,-4.25,0.8342,0.6446,0.75
2024,Oregon,11,14.53,114.2,99.68,67.18,0.7006,0.827007,1.34,0.7057,0.5082,0.6
2024,Purdue,1,31.56,126.02,94.46,67.11,0.767,0.964935,10.63,0.6277,0.6686,0.85
2024,Saint Mary's,5,21.27,115.35,94.08,62.46,0.5566,0.912424,1.42,0.8029,0.577,0.9375
2024,Saint Peter's,15,-4.2,96.97,101.17,64.06,0.3775,0.380329,-8.89,0.8921,0.4243,0.6
2024,Samford,13,9.38,112.52,103.14,72.83,0.4111,0.731222,0.03,0.881,0.3364,0.8333
2024,San Diego State,5,17.83,111.97,94.14,66.17,0.6706,0.880193,2.17,0.7095,0.5864,0.6111
2024,South Carolina,6,14.87,114.98,100.11,63.22,0.6445,0.830922,4.73,0.7134,0.4095,0.7222
2024,South Dakota State,15,3.05,108.25,105.19,67.93,0.3979,0.581548,-7.65,0.895,0.4353,0.75
2024,Stetson,16,-6.34,107.94,114.28,66.23,0.3717,0.341538,-6.98,0.8664,0.4417,0.6875
2024,TCU,9,15.83,113.99,98.16,70.0,0.6566,0.848111,0.85,0.6843,0.3596,0.5
2024,Tennessee,2,25.47,115.91,90.44,69.19,0.7358,0.945495,5.6,0.6444,0.6384,0.7778
2024,Texas,7,20.1,116.62,96.53,67.36,0.6915,0.897975,0.66,0.6627,0.4647,0.5
2024,Texas A&M,9,17.68,117.7,100.03,66.12,0.7149,0.866653,-0.06,0.6533,0.568,0.5
2024,Texas Tech,6,17.57,116.89,99.31,66.54,0.6949,0.866868,2.78,0.6869,0.4643,0.6111
2024,UAB,12,6.63,113.2,106.57,67.75,0.5856,0.666781,-2.79,0.8174,0.4936,0.6667
2024,UConn,1,36.69,127.97,91.27,64.65,0.6972,0.979889,11.24,0.6411,0.4617,0.9
2024,Utah State,8,13.55,114.85,101.3,68.77,0.5883,0.809079,3.09,0.7707,0.4475,0.7778
2024,Vermont,13,5.55,104.29,98.74,63.32,0.4033,0.652205,-1.35,0.8887,0.4641,0.9375
2024,Wagner,16,-9.04,96.21,105.25,61.47,0.296,0.262472,-11.65,0.9069,0.3655,0.4375
2024,Washington State,7,16.13,112.84,96.72,64.84,0.6584,0.854892,1.83,0.7313,0.4068,0.7
2024,Western Kentucky,15,3.7,105.48,101.78,75.1,0.4058,0.601209,-6.64,0.8949,0.3241,0.5
2024,Wisconsin,5,19.69,118.82,99.14,65.25,0.7607,0.889231,2.9,0.6371,0.6055,0.55
2024,Yale,13,8.78,109.91,101.13,64.91,0.5088,0.722652,-2.71,0.825,0.4962,0.7857
2025,Akron,13,6.61,113.47,106.86,71.48,0.395,0.665922,-1.58,0.8893,0.4387,0.9444
2025,Alabama,2,31.12,127.74,96.62,75.06,0.8319,0.961224,10.12,0.5247,0.73,0.7222
2025,Alabama State,16,-8.4,100.85,109.25,67.98,0.3406,0.285048,-10.11,0.8721,0.5482,0.6667
2025,Arizona,4,27.51,124.92,97.41,70.27,0.78,0.945877,5.45,0.5565,0.5727,0.7
2025,Arkansas,10,18.21,113.72,95.51,69.4,0.7278,0.881472,1.37,0.6159,0.4549,0.4444
2025,Auburn,1,34.71,127.68,92.97,68.29,0.8034,0.974622,12.7,0.5385,0.6614,0.8333
2025,BYU,6,26.58,126.8,100.22,67.58,0.7164,0.937329,4.82,0.6302,0.375,0.7
2025,Baylor,9,21.0,121.31,100.31,64.73,0.7624,0.898998,2.06,0.5722,0.5512,0.5
2025,Bryant,15,0.47,105.97,105.5,72.6,0.3335,0.512905,-7.01,0.8976,0.421,0.875
2025,Clemson,5,21.76,117.3,95.54,64.63,0.6621,0.913735,4.75,0.7435,0.5664,0.9
2025,Colorado State,12,18.41,117.38,98.98,66.1,0.6265,0.876719,0.77,0.7649,0.5506,0.8
2025,Creighton,9,19.72,118.41,98.69,67.44,0.7207,0.890429,3.05,0.6717,0.6098,0.75
2025,Drake,11,15.36,113.1,97.74,59.14,0.4992,0.842778,2.71,0.8466,0.3788,0.85
2025,Duke,1,38.55,130.57,92.01,65.96,0.7025,0.982441,9.47,0.6694,0.647,0.95
2025,Florida,1,33.61,127.79,94.18,69.9,0.7453,0.970948,11.15,0.5948,0.4629,0.7778
2025,Georgia,9,18.76,115.72,96.96,66.75,0.7024,0.884352,2.04,0.6186,0.419,0.4444
2025,Gonzaga,8,28.09,124.8,96.71,70.51,0.6567,0.949441,2.81,0.7193,0.6622,0.7778
2025,Grand Canyon,13,7.71,107.86,100.15,71.5,0.4181,0.70107,-2.53,0.8867,0.405,0.8125
2025,High Point,13,9.55,117.71,108.16,66.6,0.3592,0.725771,-1.69,0.918,0.3331,0.875
2025,Houston,1,37.34,124.69,87.35,61.78,0.7741,0.983593,11.54,0.5857,0.5591,0.95
2025,Illinois,6,24.02,122.51,98.49,71.53,0.7618,0.924844,3.98,0.5895,0.5346,0.6
2025,Iowa State,3,26.0,119.31,93.31,68.77,0.7326,0.94412,5.43,0.6389,0.496,0.65
2025,Kansas,7,22.32,116.04,93.73,68.6,0.7851,0.921012,4.19,0.5853,0.6484,0.55
2025,Kentucky,3,24.93,123.43,98.5,70.86,0.7705,0.930541,5.62,0.5645,0.5655,0.5556
2025,Liberty,12,13.02,112.07,99.05,65.7,0.4795,0.805331,-0.16,0.8671,0.3434,0.7222
2025,Lipscomb,14,5.67,109.99,104.32,66.42,0.3833,0.64768,-4.13,0.8767,0.474,0.7778
2025,Louisville,8,22.04,117.96,95.92,69.16,0.6978,0.915138,5.49,0.7022,0.6221,0.9
2025,Marquette,7,19.44,116.47,97.03,67.88,0.717,0.890864,3.62,0.6618,0.618,0.65
2025,Maryland,4,26.53,118.62,92.09,69.71,0.6956,0.948403,5.16,0.6622,0.3386,0.7
2025,McNeese,12,14.16,113.86,99.7,65.75,0.4709,0.821608,-0.39,0.8473,0.5446,0.95
2025,Memphis,5,12.82,112.15,99.33,70.86,0.6327,0.801496,4.97,0.7668,0.7859,0.8889
2025,Michigan,5,21.77,115.71,93.94,70.03,0.7877,0.916606,6.85,0.6007,0.5913,0.7
2025,Michigan State,2,24.93,117.26,92.33,67.65,0.748,0.939853,8.46,0.6296,0.5099,0.85
2025,Mississippi State,8,19.19,118.43,99.23,68.24,0.7429,0.884241,3.09,0.6164,0.5222,0.4444
2025,Missouri,6,24.68,125.91,101.24,68.61,0.6884,0.924745,3.21,0.6372,0.379,0.5556
2025,Montana,14,2.85,111.89,109.04,67.31,0.4246,0.57367,-3.0,0.849,0.4912,0.8333
2025,Mount St. Mary's,16,-7.48,100.27,107.75,67.78,0.3349,0.304287,-8.07,0.8932,0.4134,0.6
2025,New Mexico,10,16.89,112.31,95.43,72.91,0.622,0.866891,2.73,0.7518,0.5642,0.85
2025,Norfolk State,16,-2.89,106.83,109.72,66.53,0.3327,0.423927,-5.29,0.8727,0.433,0.7857
2025,North Carolina,11,19.49,119.31,99.82,70.84,0.7094,0.88602,1.36,0.6511,0.6666,0.65
2025,Oklahoma,9,15.91,116.77,100.86,68.71,0.7187,0.843471,2.16,0.609,0.4465,0.3333
2025,Ole Miss,6,22.22,119.26,97.04,68.06,0.7517,0.914592,4.93,0.5752,0.5062,0.5556
2025,Omaha,15,3.02,112.1,109.08,67.76,0.438,0.577814,-6.4,0.8641,0.4214,0.8125
2025,Oregon,5,20.24,116.47,96.23,68.12,0.7641,0.899833,5.81,0.6258,0.5771,0.6
2025,Purdue,4,26.23,125.6,99.37,65.2,0.7976,0.936647,4.92,0.5966,0.6731,0.65
2025,Robert Morris,15,2.14,106.74,104.6,68.22,0.3709,0.557914,-4.01,0.8975,0.3245,0.75
2025,SIU Edwardsville,16,-4.87,101.03,105.9,66.19,0.2972,0.367865,-7.68,0.9008,0.3102,0.65
2025,Saint Mary's,7,21.18,114.15,92.97,61.88,0.617,0.913734,4.39,0.7581,0.5804,0.9444
2025,St. John's,2,22.92,112.96,90.03,70.06,0.6834,0.9314,7.85,0.7259,0.5265,0.9
2025,Tennessee,2,28.28,120.16,91.88,63.92,0.7569,0.956313,9.33,0.5773,0.5053,0.6667
2025,Texas A&M,4,21.82,116.03,94.21,66.71,0.7835,0.916517,5.46,0.5995,0.6476,0.6111
2025,Texas Tech,3,28.49,126.06,97.58,66.14,0.7274,0.950057,5.84,0.6419,0.445,0.75
2025,Troy,14,6.27,106.52,100.25,66.39,0.424,0.667632,-4.14,0.8472,0.4267,0.7222
2025,UC San Diego,12,15.42,112.97,97.55,66.0,0.4159,0.843927,0.95,0.882,0.3754,0.9
2025,UCLA,7,23.6,117.94,94.34,65.13,0.7122,0.928784,3.87,0.6308,0.4293,0.65
2025,UConn,8,19.56,120.78,101.22,64.07,0.6903,0.884059,2.25,0.688,0.5171,0.7
2025,UNC Wilmington,14,5.67,112.34,106.67,65.7,0.3788,0.644739,-3.17,0.9018,0.333,0.7778
2025,Utah State,10,15.85,121.28,105.42,67.73,0.5966,0.833577,2.25,0.7725,0.4848,0.75
2025,VCU,11,19.28,115.96,96.68,66.38,0.5253,0.890043,1.05,0.8338,0.3938,0.8333
2025,Vanderbilt,10,17.47,118.6,101.13,69.68,0.6933,0.862014,1.6,0.6381,0.384,0.4444
2025,Wisconsin,3,26.35,123.11,96.76,67.87,0.7414,0.941028,6.57,0.6335,0.5021,0.65
2025,Wofford,15,2.03,111.96,109.93,64.2,0.4304,0.552415,-9.57,0.8641,0.4741,0.5556
2025,Xavier,11,17.87,116.82,98.95,69.16,0.6769,0.870934,0.42,0.7044,0.4909,0.65
2025,Yale,13,9.89,113.99,104.1,67.68,0.4267,0.739525,-2.56,0.8726,0.4289,0.9286
